pmid,year,journal,title,type,is_review,cites,themes,cites_n
11902845,2002,Journal of molecular biology,Protein kinase substrate recognition studied using the recombinant catalytic domain of AMP-activated protein kinase and a model substrate,"Journal Article; Research Support, Non-U.S. Gov't",False,146.0,T4_AMPK_substrate,146.0
1508209,1992,Molecular and cellular biology,Formation of the 3' end of sea urchin U1 small nuclear RNA occurs independently of the conserved 3' box and on transcripts initiated from a histone promoter,"Journal Article; Research Support, U.S. Gov't, P.H.S.",False,5.0,T12b_smallRNAseq,5.0
15538371,2004,Nature,A pancreatic islet-specific microRNA regulates insulin secretion,"Journal Article; Research Support, Non-U.S. Gov't",False,1608.0,A_prior_verified,1608.0
15728188,2005,The Journal of biological chemistry,"A phosphorylation state-specific antibody recognizes Hsp27, a novel substrate of protein kinase D","Journal Article; Research Support, N.I.H., Extramural; Research Support, U.S. Gov't, P.H.S.",False,135.0,M_phosphoAb,135.0
16844385,2006,"Methods (San Diego, Calif.)",High-throughput approaches to dissecting MAPK signaling pathways,"Journal Article; Research Support, Non-U.S. Gov't",False,25.0,M_phosphoAb,25.0
16977424,2007,Plant molecular biology,A rice dehydration-inducible SNF1-related protein kinase 2 phosphorylates an abscisic acid responsive element-binding factor and associates with ABA signaling,"Journal Article; Research Support, Non-U.S. Gov't",False,98.0,T4_AMPK_substrate,98.0
1833188,1991,The EMBO journal,Mature mRNA 3' end formation stimulates RNA export from the nucleus,Journal Article,False,181.0,T12b_smallRNAseq,181.0
18411313,2008,The Journal of cell biology,Decoding ARE-mediated decay: is microRNA part of the equation?,"Journal Article; Research Support, Non-U.S. Gov't; Review",True,85.0,T3_miRNA_turnover,85.0
18637498,2008,Current topics in microbiology and immunology,Human cytomegalovirus microRNAs,"Journal Article; Research Support, N.I.H., Extramural; Research Support, Non-U.S. Gov't; Review",True,14.0,T11_methods_halflife,14.0
18951094,2008,Molecular cell,Lin28 mediates the terminal uridylation of let-7 precursor MicroRNA,"Journal Article; Research Support, Non-U.S. Gov't",False,808.0,T9_uridylation,808.0
19121586,2009,Cytokine,miRNA regulation of cytokine genes,"Journal Article; Research Support, N.I.H., Extramural; Review",True,134.0,T11_methods_halflife,134.0
19269329,2009,Protein expression and purification,Determination of AMP-activated protein kinase phosphorylation sites in recombinant protein expressed using the pET28a vector: a cautionary tale,Journal Article,False,2.0,T15_AMPK_kinase_assay,2.0
19357091,2009,Nucleic acids research,Mining small RNA sequencing data: a new approach to identify small nucleolar RNAs in Arabidopsis,"Evaluation Study; Journal Article; Research Support, Non-U.S. Gov't",False,30.0,T12b_smallRNAseq,30.0
19527223,2009,The Biochemical journal,Coupling oxidative signals to protein phosphorylation via methionine oxidation in Arabidopsis,"Comparative Study; Journal Article; Research Support, Non-U.S. Gov't; Research Support, U.S. Gov't, Non-P.H.S.",False,86.0,T4_AMPK_substrate,86.0
19701194,2009,Nature cell biology,Zcchc11-dependent uridylation of microRNA directs cytokine expression,"Journal Article; Research Support, N.I.H., Extramural; Research Support, Non-U.S. Gov't",False,246.0,T9_uridylation,246.0
19703396,2009,Cell,TUT4 in concert with Lin28 suppresses microRNA biogenesis through pre-microRNA uridylation,"Journal Article; Research Support, Non-U.S. Gov't",False,665.0,T9_uridylation,665.0
19766101,2009,Biochemical and biophysical research communications,Kinase suppressor of Ras transphosphorylates c-Raf-1,"Journal Article; Research Support, N.I.H., Extramural",False,11.0,M_phosphoAb,11.0
19776739,2009,Nature,Direct RNA sequencing,Journal Article,False,285.0,T12b_smallRNAseq,285.0
20074060,2010,Biochemical Society transactions,Cell-wide analysis of secretory granule dynamics in three dimensions in living pancreatic beta-cells: evidence against a role for AMPK-dependent phosphorylation of KLC1 at Ser517/Ser520 in glucose-stimulated insulin granule movement,"Journal Article; Research Support, N.I.H., Extramural; Research Support, Non-U.S. Gov't; Review",True,11.0,T15_AMPK_kinase_assay,11.0
20201077,2010,Arthritis and rheumatism,"MicroRNA-29, a key regulator of collagen expression in systemic sclerosis","Journal Article; Research Support, Non-U.S. Gov't",False,428.0,T7_miR29_fibrosis,428.0
20227367,2010,Molecular cell,MicroRNA-451 regulates LKB1/AMPK signaling and allows adaptation to metabolic stress in glioma cells,"Journal Article; Research Support, Non-U.S. Gov't",False,335.0,T5_AMPK_miRNA,335.0
20403364,2010,Journal of molecular biology,Structure of the mitochondrial editosome-like complex associated TUTase 1 reveals divergent mechanisms of UTP selection and domain organization,Journal Article,False,21.0,T9b_TUT47,21.0
20421885,2010,Nature reviews. Nephrology,Metabolic memory and diabetic nephropathy: potential role for epigenetic mechanisms,"Journal Article; Research Support, Non-U.S. Gov't; Review",True,95.0,T6_metabolic_memory,95.0
20423675,2010,Discovery medicine,The therapeutic potential of microRNA modulation,Journal Article; Review,True,37.0,T3b_miRNA_stability,37.0
20599797,2010,Biochemical pharmacology,Glycemic memory associated epigenetic changes,Journal Article; Review,True,77.0,T6_metabolic_memory,77.0
20659020,2010,Biochemical Society transactions,3' Uridylation and the regulation of RNA function in the cytoplasm,"Journal Article; Research Support, Non-U.S. Gov't; Review",True,24.0,T9_uridylation,24.0
20661255,2010,Nature reviews. Genetics,"The widespread regulation of microRNA biogenesis, function and decay","Journal Article; Research Support, Non-U.S. Gov't; Review",True,3697.0,T3_miRNA_turnover,3697.0
20890893,2011,"Hepatology (Baltimore, Md.)",Micro-RNA profiling reveals a role for miR-29 in human and murine liver fibrosis,"Journal Article; Research Support, Non-U.S. Gov't",False,658.0,T7_miR29_fibrosis,658.0
20971881,2011,American journal of respiratory cell and molecular biology,miR-29 is a major regulator of genes associated with pulmonary fibrosis,"Journal Article; Research Support, N.I.H., Extramural",False,415.0,T7_miR29_fibrosis,415.0
21030723,2010,Circulation research,Oxidative stress and diabetic complications,"Journal Article; Research Support, N.I.H., Extramural; Research Support, Non-U.S. Gov't; Review",True,3739.0,T6_metabolic_memory,3739.0
21037263,2011,Nucleic acids research,starBase: a database for exploring microRNA-mRNA interaction maps from Argonaute CLIP-Seq and Degradome-Seq data,"Journal Article; Research Support, Non-U.S. Gov't",False,674.0,M_AGO_CLIP,674.0
21378162,2011,The Journal of biological chemistry,Musashi1 cooperates in abnormal cell lineage protein 28 (Lin28)-mediated let-7 family microRNA biogenesis in early neural differentiation,"Journal Article; Research Support, Non-U.S. Gov't",False,71.0,T9b_TUT47,71.0
21447562,2011,Nucleic acids research,Analysis of microRNA turnover in mammalian cells following Dicer1 ablation,"Journal Article; Research Support, Non-U.S. Gov't",False,319.0,T3_miRNA_turnover,319.0
21637296,2011,EMBO reports,Single-molecule approach to immunoprecipitated protein complexes: insights into miRNA uridylation,"Journal Article; Research Support, Non-U.S. Gov't",False,66.0,T9b_TUT47,66.0
21640082,2011,Biochemical and biophysical research communications,Identification of a novel CaMKK substrate,"Journal Article; Research Support, Non-U.S. Gov't",False,5.0,T15_AMPK_kinase_assay,5.0
21695279,2011,PloS one,Phos-tag-based analysis of myosin regulatory light chain phosphorylation in human uterine myocytes,"Journal Article; Research Support, Non-U.S. Gov't",False,19.0,M_phostag,19.0
21784902,2011,Journal of the American Society of Nephrology : JASN,TGF-β/Smad3 signaling promotes renal fibrosis by inhibiting miR-29,"Journal Article; Research Support, Non-U.S. Gov't",False,505.0,T7_miR29_fibrosis,505.0
21864709,2011,Drug discovery today,Novel advances in cytochrome P450 research,Journal Article; Review,True,56.0,T11_methods_halflife,56.0
21871960,2012,Pharmacological research,Inhibition of AMPK-dependent autophagy enhances in vitro antiglioma effect of simvastatin,"Journal Article; Research Support, Non-U.S. Gov't",False,55.0,T15_AMPK_kinase_assay,55.0
21935887,2010,Wiley interdisciplinary reviews. RNA,The role of KSRP in mRNA decay and microRNA precursor maturation,"Journal Article; Research Support, Non-U.S. Gov't; Review",True,58.0,T3_miRNA_turnover,58.0
22013051,2012,Journal of virology,High-resolution profiling and analysis of viral and host small RNAs during human cytomegalovirus infection,"Journal Article; Research Support, N.I.H., Extramural; Research Support, Non-U.S. Gov't",False,117.0,T12_methods_AGO,117.0
22095944,2012,Journal of the American Society of Nephrology : JASN,Suppression of microRNA-29 expression by TGF-β1 promotes collagen expression and renal fibrosis,"Journal Article; Research Support, Non-U.S. Gov't",False,442.0,T7_miR29_fibrosis,442.0
22291204,2012,"RNA (New York, N.Y.)",Widespread RNA 3'-end oligouridylation in mammals,"Journal Article; Research Support, N.I.H., Extramural; Research Support, Non-U.S. Gov't; Research Support, U.S. Gov't, Non-P.H.S.",False,28.0,T12b_smallRNAseq,28.0
22434133,2012,Molecular therapy : the journal of the American Society of Gene Therapy,Loss of miR-29 in myoblasts contributes to dystrophic muscle pathogenesis,"Journal Article; Research Support, Non-U.S. Gov't",False,100.0,T7_miR29_fibrosis,100.0
22499895,2012,Circulation research,Epigenetic mechanisms of metabolic memory in diabetes,Editorial; Comment,False,24.0,T6_metabolic_memory,24.0
22534399,2012,Genome research,Global analysis reveals multiple pathways for unique regulation of mRNA decay in induced pluripotent stem cells,"Comparative Study; Journal Article; Research Support, N.I.H., Extramural; Research Support, Non-U.S. Gov't",False,44.0,T3_miRNA_turnover,44.0
22650227,2012,Diabetes technology & therapeutics,Metabolic memory for vascular disease in diabetes,Journal Article,False,47.0,T6_metabolic_memory,47.0
22760445,2012,Current diabetes reports,Metabolic memory and chronic diabetes complications: potential role for epigenetic mechanisms,"Journal Article; Research Support, N.I.H., Extramural; Review",True,72.0,T6_metabolic_memory,72.0
22806141,2012,Molecular systems biology,Chromatin measurements reveal contributions of synthesis and decay to steady-state mRNA levels,"Journal Article; Research Support, Non-U.S. Gov't",False,53.0,T3_miRNA_turnover,53.0
22898984,2012,"RNA (New York, N.Y.)",Lin28-mediated control of let-7 microRNA expression by alternative TUTases Zcchc11 (TUT4) and Zcchc6 (TUT7),"Journal Article; Research Support, N.I.H., Extramural; Research Support, Non-U.S. Gov't; Research Support, U.S. Gov't, Non-P.H.S.",False,179.0,T9b_TUT47,179.0
23063654,2012,Cell,Mono-uridylation of pre-microRNA as a key step in the biogenesis of group II let-7 microRNAs,"Journal Article; Research Support, Non-U.S. Gov't",False,266.0,T9_uridylation,266.0
23088624,2013,The Biochemical journal,N-Myristoylation is essential for protein phosphatases PPM1A and PPM1B to dephosphorylate their physiological substrates in cells,"Journal Article; Research Support, Non-U.S. Gov't",False,37.0,T4_AMPK_substrate,37.0
23216827,2012,BMC biochemistry,In vitro substrate phosphorylation by Ca²⁺/calmodulin-dependent protein kinase kinase using guanosine-5'-triphosphate as a phosphate donor,Journal Article,False,2.0,T15_AMPK_kinase_assay,2.0
23224971,2013,Advances in experimental medicine and biology,Deadenylation and P-bodies,"Journal Article; Research Support, N.I.H., Extramural; Research Support, Non-U.S. Gov't; Review",True,24.0,T3_miRNA_turnover,24.0
23385389,2013,Biochimica et biophysica acta,RNA decay via 3' uridylation,Journal Article; Review,True,40.0,T9_uridylation,40.0
23456482,2013,Current diabetes reports,Hyperglycemia and vascular metabolic memory: truth or fiction?,Journal Article; Review,True,40.0,T6_metabolic_memory,40.0
23503588,2013,The EMBO journal,The exoribonuclease Dis3L2 defines a novel eukaryotic RNA degradation pathway,"Journal Article; Research Support, Non-U.S. Gov't",False,179.0,T9c_DIS3L2,179.0
23594738,2013,Nature,A role for the Perlman syndrome exonuclease Dis3l2 in the Lin28-let-7 pathway,"Journal Article; Research Support, N.I.H., Extramural; Research Support, Non-U.S. Gov't; Research Support, U.S. Gov't, Non-P.H.S.",False,285.0,T9c_DIS3L2,285.0
23677826,2013,Wiley interdisciplinary reviews. RNA,Translation regulation gets its 'omics' moment,"Journal Article; Research Support, N.I.H., Extramural; Research Support, Non-U.S. Gov't; Review",True,39.0,T11_methods_halflife,39.0
23703212,2013,Nucleic acids research,CLIP-based prediction of mammalian microRNA binding sites,"Journal Article; Research Support, N.I.H., Extramural; Research Support, Non-U.S. Gov't",False,78.0,M_AGO_CLIP,78.0
23706177,2013,Genome biology,Insights into snoRNA biogenesis and processing from PAR-CLIP of snoRNA core proteins and small RNA sequencing,"Journal Article; Research Support, Non-U.S. Gov't",False,124.0,T12_methods_AGO,124.0
23741294,2013,PloS one,Glutathione S-transferases interact with AMP-activated protein kinase: evidence for S-glutathionylation and activation in vitro,"Journal Article; Research Support, Non-U.S. Gov't",False,57.0,T15_AMPK_kinase_assay,57.0
23802004,2013,Frontiers in plant science,miRNAs mediate SnRK1-dependent energy signaling in Arabidopsis,Journal Article,False,40.0,T5_AMPK_miRNA,40.0
23895117,2013,Genome biology,PARma: identification of microRNA target sites in AGO-PAR-CLIP data,"Journal Article; Research Support, Non-U.S. Gov't",False,39.0,M_AGO_CLIP,39.0
24141620,2013,"RNA (New York, N.Y.)",Mammalian DIS3L2 exoribonuclease targets the uridylated precursors of let-7 miRNAs,"Journal Article; Research Support, Non-U.S. Gov't",False,154.0,T9c_DIS3L2,154.0
24398324,2014,Genome biology,Identification of distinct miRNA target regulation between breast cancer molecular subtypes using AGO2-PAR-CLIP and patient datasets,Journal Article,False,56.0,M_AGO_CLIP;T12_methods_AGO,56.0
24582499,2014,Molecular cell,TAIL-seq: genome-wide determination of poly(A) tail length and 3' end modifications,"Journal Article; Research Support, Non-U.S. Gov't",False,393.0,M_3end_seq,393.0
24641356,2014,"Clinical science (London, England : 1979)",In Crohn's disease fibrosis-reduced expression of the miR-29 family enhances collagen expression in intestinal fibroblasts,"Journal Article; Research Support, Non-U.S. Gov't",False,84.0,T7_miR29_fibrosis,84.0
24786298,2014,The international journal of biochemistry & cell biology,Epigenetic mechanisms of hyperglycemic memory,"Journal Article; Research Support, Non-U.S. Gov't; Review",True,41.0,T6_metabolic_memory,41.0
24850426,2014,Mucosal immunology,Inhibition of a novel fibrogenic factor Tl1a reverses established colonic fibrosis,"Journal Article; Research Support, N.I.H., Extramural; Research Support, Non-U.S. Gov't",False,95.0,T8_gut_fibrosis,95.0
24940765,2014,Critical reviews in eukaryotic gene expression,HITS-CLIP and PAR-CLIP advance viral miRNA targetome analysis,"Journal Article; Research Support, N.I.H., Extramural; Review",True,21.0,M_AGO_CLIP,21.0
25027649,2014,Nature reviews. Molecular cell biology,Regulation of microRNA biogenesis,"Journal Article; Research Support, Non-U.S. Gov't; Review",True,4275.0,T3_miRNA_turnover;T9_uridylation,4275.0
25083871,2014,Cell,MicroRNA directly enhances mitochondrial translation during muscle differentiation,"Journal Article; Research Support, N.I.H., Extramural; Research Support, Non-U.S. Gov't",False,408.0,T12_methods_AGO,408.0
25114848,2014,World journal of clinical oncology,Regulation of the mRNA half-life in breast cancer,Journal Article; Review,True,26.0,T11_methods_halflife,26.0
25119025,2014,Nature,Mechanism of Dis3l2 substrate recognition in the Lin28-let-7 pathway,"Journal Article; Research Support, Non-U.S. Gov't; Research Support, U.S. Gov't, Non-P.H.S.",False,116.0,T9c_DIS3L2,116.0
25223788,2014,Nucleic acids research,Selective microRNA uridylation by Zcchc6 (TUT7) and Zcchc11 (TUT4),"Journal Article; Research Support, N.I.H., Extramural; Research Support, Non-U.S. Gov't; Research Support, U.S. Gov't, Non-P.H.S.",False,88.0,T9_uridylation,88.0
25399650,2014,Acta pharmacologica Sinica,Probucol suppresses human glioma cell proliferation in vitro via ROS production and LKB1-AMPK activation,"Journal Article; Research Support, Non-U.S. Gov't; Retracted Publication",False,10.0,T15_AMPK_kinase_assay,10.0
25465115,2015,Cell stem cell,Perivascular Gli1+ progenitors are key contributors to injury-induced organ fibrosis,"Journal Article; Research Support, N.I.H., Extramural; Research Support, Non-U.S. Gov't",False,780.0,O_cardiac_fib,780.0
25480299,2014,Cell,Uridylation by TUT4 and TUT7 marks mRNA for degradation,"Journal Article; Research Support, Non-U.S. Gov't",False,259.0,T9_uridylation,259.0
25481708,2015,Diabetologia,Epigenetic mechanisms in diabetic complications and metabolic memory,"Journal Article; Research Support, N.I.H., Extramural; Research Support, Non-U.S. Gov't; Review",True,369.0,T6_metabolic_memory,369.0
25533481,2015,Neuron,Stoichiometry and phosphoisotypes of hippocampal AMPA-type glutamate receptor phosphorylation,"Journal Article; Research Support, N.I.H., Extramural; Research Support, Non-U.S. Gov't",False,59.0,M_phostag,59.0
25683918,2015,Cellular signalling,Motif affinity and mass spectrometry proteomic approach for the discovery of cellular AMPK targets: identification of mitochondrial fission factor as a new AMPK substrate,"Journal Article; Research Support, Non-U.S. Gov't",False,143.0,T4_AMPK_substrate,143.0
25813040,2015,Nucleic acids research,Intramolecular circularization increases efficiency of RNA sequencing and enables CLIP-Seq of nuclear RNA from human cells,"Journal Article; Research Support, N.I.H., Extramural; Research Support, Non-U.S. Gov't",False,15.0,T12_methods_AGO,15.0
25828392,2015,Experimental and molecular pathology,Intestinal organoids: a model of intestinal fibrosis for evaluating anti-fibrotic drugs,"Journal Article; Research Support, N.I.H., Extramural; Research Support, Non-U.S. Gov't",False,78.0,T13_organoid_fib,78.0
25937278,2015,Cell reports,Glucose-based regulation of miR-451/AMPK signaling depends on the OCT1 transcription factor,"Journal Article; Research Support, N.I.H., Extramural",False,48.0,T5_AMPK_miRNA,48.0
25959823,2015,Cell reports,"Apoptosis Triggers Specific, Rapid, and Global mRNA Decay with 3' Uridylated Intermediates Degraded by DIS3L2","Journal Article; Research Support, N.I.H., Extramural; Research Support, U.S. Gov't, Non-P.H.S.",False,130.0,T9c_DIS3L2,130.0
25979828,2015,The EMBO journal,TUT7 controls the fate of precursor microRNAs by using three different uridylation mechanisms,"Journal Article; Research Support, Non-U.S. Gov't",False,95.0,T9_uridylation,95.0
26015596,2015,"RNA (New York, N.Y.)",EnD-Seq and AppEnD: sequencing 3' ends to identify nontemplated tails and degradation intermediates,"Journal Article; Research Support, N.I.H., Extramural; Research Support, Non-U.S. Gov't",False,27.0,T12b_smallRNAseq,27.0
26080928,2015,Cancer science,A role of uridylation pathway for blockade of let-7 microRNA biogenesis by Lin28B,"Journal Article; Research Support, Non-U.S. Gov't",False,29.0,T9_uridylation,29.0
26114892,2015,RNA biology,Identification of small molecule inhibitors of Zcchc11 TUTase activity,"Journal Article; Research Support, N.I.H., Extramural; Research Support, Non-U.S. Gov't",False,41.0,T9b_TUT47,41.0
26183531,2015,The FEBS journal,Surprises in the 3'-end: 'U' can decide too!,"Journal Article; Research Support, Non-U.S. Gov't; Review",True,26.0,T9c_DIS3L2,26.0
26226348,2015,PloS one,HIV-1 RNAs are Not Part of the Argonaute 2 Associated RNA Interference Pathway in Macrophages,"Journal Article; Research Support, Non-U.S. Gov't",False,15.0,T12_methods_AGO,15.0
26404840,2015,"Science (New York, N.Y.)",The DNA damage response induces inflammation and senescence by inhibiting autophagy of GATA4,"Journal Article; Research Support, N.I.H., Extramural; Research Support, Non-U.S. Gov't",False,826.0,T3b_miRNA_stability,826.0
26410313,2015,Technology and health care : official journal of the European Society for Engineering and Medicine,MiR-29 mediates TGFβ 1-induced extracellular matrix synthesis through activation of Wnt/β -catenin pathway in human pulmonary fibroblasts,"Journal Article; Research Support, Non-U.S. Gov't",False,26.0,T7_miR29_fibrosis,26.0
26463387,2016,"Methods in molecular biology (Clifton, N.J.)",Identification of miRNA-Target RNA Interactions Using CLASH,Journal Article,False,7.0,M_AGO_CLIP,7.0
26471296,2015,Biochemical and biophysical research communications,3' and 5' microRNA-end post-biogenesis modifications in plant transcriptomes: Evidences from small RNA next generation sequencing data analysis,"Journal Article; Research Support, Non-U.S. Gov't",False,5.0,T12b_smallRNAseq,5.0
26556861,2015,Oncotarget,Therapeutics targeting CD90-integrin-AMPK-CD133 signal axis in liver cancer,"Journal Article; Research Support, Non-U.S. Gov't",False,45.0,T15_AMPK_kinase_assay,45.0
26567315,2016,"RNA (New York, N.Y.)",Adenylylation of small RNA sequencing adapters using the TS2126 RNA ligase I,"Journal Article; Research Support, N.I.H., Extramural; Research Support, U.S. Gov't, Non-P.H.S.",False,14.0,T12b_smallRNAseq,14.0
26577377,2016,"RNA (New York, N.Y.)",CLIPSeqTools--a novel bioinformatics CLIP-seq analysis suite,"Journal Article; Research Support, N.I.H., Extramural; Research Support, Non-U.S. Gov't",False,30.0,M_AGO_CLIP,30.0
26616193,2016,Trends in cell biology,AMPK: An Energy-Sensing Pathway with Multiple Inputs and Outputs,"Journal Article; Research Support, N.I.H., Extramural; Research Support, Non-U.S. Gov't; Research Support, U.S. Gov't, Non-P.H.S.; Review",True,739.0,T4_AMPK_substrate,739.0
26666881,2015,Molecular and cellular pediatrics,Pluripotent stem cells for disease modeling and drug screening: new perspectives for treatment of cystic fibrosis?,Journal Article,False,12.0,T13_organoid_fib,12.0
26701625,2016,Genome research,TP53 regulates miRNA association with AGO2 to remodel the miRNA-mRNA interaction network,"Journal Article; Research Support, Non-U.S. Gov't",False,54.0,T12_methods_AGO,54.0
26806607,2016,Molecular aspects of medicine,The tumour hypoxia induced non-coding transcriptome,"Journal Article; Research Support, Non-U.S. Gov't; Review",True,101.0,T3b_miRNA_stability,101.0
26854938,2016,Expert review of molecular diagnostics,Considerations for optimization of microRNA PCR assays for molecular diagnosis,"Journal Article; Research Support, Non-U.S. Gov't; Review",True,33.0,T3b_miRNA_stability,33.0
26864694,2016,American journal of physiology. Cell physiology,Analysis of phosphorylation of the myosin-targeting subunit of myosin light chain phosphatase by Phos-tag SDS-PAGE,"Journal Article; Research Support, Non-U.S. Gov't",False,17.0,M_phostag,17.0
26889958,2016,ACS nano,High-Density Lipoproteins: Nature's Multifunctional Nanoparticles,"Journal Article; Research Support, N.I.H., Extramural; Research Support, Non-U.S. Gov't; Research Support, U.S. Gov't, Non-P.H.S.; Review",True,261.0,T11_methods_halflife,261.0
27025794,2016,Diabetes & metabolic syndrome,Metabolic memory phenomenon in diabetes mellitus: Achieving and perspectives,Journal Article; Review,True,94.0,T6_metabolic_memory,94.0
27132115,2016,Blood reviews,Autophagy as a target for hematological malignancy therapy,"Journal Article; Review; Research Support, Non-U.S. Gov't",True,26.0,T5_AMPK_miRNA,26.0
27235676,2017,Seminars in cell & developmental biology,Why Argonaute is needed to make microRNA target search fast and reliable,Journal Article; Review,True,33.0,T3b_miRNA_stability,33.0
27274457,2016,MethodsX,Detection of phosphorylated Akt and MAPK in cell culture assays,Journal Article,False,12.0,M_phosphoAb,12.0
27328306,2016,The Journal of investigative dermatology,miR-29 Regulates Type VII Collagen in Recessive Dystrophic Epidermolysis Bullosa,Journal Article,False,20.0,T7_miR29_fibrosis,20.0
27418678,2016,Nucleic acids research,Elucidation of transcriptome-wide microRNA binding sites in human cardiac tissues by Ago2 HITS-CLIP,Journal Article,False,58.0,T12_methods_AGO,58.0
27431325,2016,Nucleic acids research,Perlman syndrome nuclease DIS3L2 controls cytoplasmic non-coding RNAs and provides surveillance pathway for maturing snRNAs,Journal Article,False,80.0,T9c_DIS3L2,80.0
27440378,2016,Scientific reports,MicroRNA-mediated target mRNA cleavage and 3'-uridylation in human cells,"Journal Article; Research Support, N.I.H., Extramural; Research Support, Non-U.S. Gov't; Research Support, U.S. Gov't, Non-P.H.S.",False,27.0,T9_uridylation,27.0
27498873,2016,Cell reports,Dis3l2-Mediated Decay Is a Quality Control Pathway for Noncoding RNAs,Journal Article,False,83.0,T9c_DIS3L2,83.0
27621483,2016,The Biochemical journal,'Up with the LRRK': a phosphorylated Rab10 assay for evaluation of LRRK2 activity and inhibitor engagement,Journal Article; Comment,False,4.0,M_phosphoAb,4.0
27647875,2016,The EMBO journal,TUT-DIS3L2 is a mammalian surveillance pathway for aberrant structured non-coding RNAs,"Journal Article; Research Support, Non-U.S. Gov't",False,104.0,T9c_DIS3L2,104.0
27667718,2016,Scientific reports,Global Phosphoproteomic Analysis Reveals the Involvement of Phosphorylation in Aflatoxins Biosynthesis in the Pathogenic Fungus Aspergillus flavus,Journal Article,False,30.0,M_phosphoAb,30.0
27720839,2017,Gastroenterology,"Mechanisms, Management, and Treatment of Fibrosis in Patients With Inflammatory Bowel Diseases","Journal Article; Review; Research Support, N.I.H., Extramural; Research Support, Non-U.S. Gov't",True,409.0,T8_gut_fibrosis,409.0
27773749,2017,Cancer letters,Desmoplasia suppression by metformin-mediated AMPK activation inhibits pancreatic cancer progression,Journal Article,False,93.0,T15_AMPK_kinase_assay,93.0
27804865,2016,"MicroRNA (Shariqah, United Arab Emirates)",microRNA Decay: Refining microRNA Regulatory Activity,"Journal Article; Review; Research Support, Non-U.S. Gov't",True,18.0,T3_miRNA_turnover,18.0
27812992,2016,Experientia supplementum (2012),In Vitro Methods to Study AMPK,Journal Article; Review,True,0.0,T15_AMPK_kinase_assay,0.0
27895035,2017,Circulation research,MicroRNA-210 Enhances Fibrous Cap Stability in Advanced Atherosclerotic Lesions,Journal Article,False,108.0,T3b_miRNA_stability,108.0
27903911,2017,Nucleic acids research,miRTar2GO: a novel rule-based model learning method for cell line specific microRNA target prediction that integrates Ago2 CLIP-Seq and validated microRNA-target interaction data,Journal Article; Validation Study,False,22.0,M_AGO_CLIP;T12_methods_AGO,22.0
27974621,2017,"RNA (New York, N.Y.)",Characterization of a TUTase/RNase complex required for Drosophila gametogenesis,"Journal Article; Research Support, N.I.H., Extramural",False,16.0,T9c_DIS3L2,16.0
28088915,2017,"MicroRNA (Shariqah, United Arab Emirates)",Evaluation of microRNA Stability in Plasma and Serum from Healthy Dogs,"Journal Article; Research Support, Non-U.S. Gov't",False,24.0,T3b_miRNA_stability,24.0
28108660,2017,Nucleic acids research,From benchmarking HITS-CLIP peak detection programs to a new method for identification of miRNA-binding sites from Ago2-CLIP data,Evaluation Study; Journal Article,False,21.0,T12_methods_AGO,21.0
28130820,2017,Wiley interdisciplinary reviews. RNA,microRNA-binding proteins: specificity and function,"Journal Article; Review; Research Support, Non-U.S. Gov't",True,76.0,T3_miRNA_turnover,76.0
28323035,2017,Cancer letters,Naturally occurring anti-cancer agents targeting EZH2,Journal Article; Review,True,46.0,T11_methods_halflife,46.0
28333387,2017,Comprehensive physiology,Pathophysiological Fundamentals of Diabetic Cardiomyopathy,"Journal Article; Review; Research Support, Non-U.S. Gov't",True,77.0,T6_metabolic_memory,77.0
28351886,2017,"RNA (New York, N.Y.)",3' Uridylation controls mature microRNA turnover during CD4 T-cell activation,"Journal Article; Research Support, Non-U.S. Gov't",False,48.0,T9_uridylation,48.0
28452927,2017,Nutrients,"The ""Metabolic Memory"" Theory and the Early Treatment of Hyperglycemia in Prevention of Diabetic Complications",Journal Article; Review,True,158.0,T6_metabolic_memory,158.0
28570513,2017,Journal of visualized experiments : JoVE,Oligopeptide Competition Assay for Phosphorylation Site Determination,Journal Article; Video-Audio Media,False,3.0,T4_AMPK_substrate,3.0
28605404,2018,Briefings in bioinformatics,Recent computational developments on CLIP-seq data analysis and microRNA targeting implications,"Journal Article; Research Support, Non-U.S. Gov't; Review",True,27.0,M_AGO_CLIP;T12_methods_AGO,27.0
28617563,2017,European review for medical and pharmacological sciences,Regulatory mechanism of miR-29 over TGF-β1 and COL1 in scar cells,Journal Article,False,8.0,T7_miR29_fibrosis,8.0
28640453,2017,Comprehensive physiology,Corrigendum,Journal Article; Published Erratum,False,0.0,T6_metabolic_memory,0.0
28700951,2017,Vision research,"Diabetic retinopathy, metabolic memory and epigenetic modifications",Journal Article; Review,True,63.0,T6_metabolic_memory,63.0
28945705,2017,Nature methods,Thiol-linked alkylation of RNA to assess expression dynamics,Journal Article,False,603.0,T11b_SLAMseq,603.0
28992084,2018,Journal of molecular cell biology,AMPK regulates anaphase central spindle length by phosphorylation of KIF4A,"Journal Article; Research Support, Non-U.S. Gov't",False,15.0,T4_AMPK_substrate,15.0
29030843,2018,"Methods in molecular biology (Clifton, N.J.)",cCLIP-Seq: Retrieval of Chimeric Reads from HITS-CLIP (CLIP-Seq) Libraries,"Journal Article; Research Support, N.I.H., Extramural; Research Support, Non-U.S. Gov't",False,3.0,M_AGO_CLIP,3.0
29031931,2017,Biochimica et biophysica acta. Gene regulatory mechanisms,Global analysis of AGO2-bound RNAs reveals that miRNAs induce cleavage of target RNAs with limited complementarity,"Journal Article; Research Support, Non-U.S. Gov't",False,13.0,T12_methods_AGO,13.0
29091343,2018,Journal of diabetes,Metabolic memory: Evolving concepts,Editorial,False,29.0,T6_metabolic_memory,29.0
29186429,2018,Human reproduction update,Extracellular matrix in uterine leiomyoma pathogenesis: a potential target for future therapeutics,Journal Article; Review,True,233.0,T7_miR29_fibrosis,233.0
29234895,2017,The AAPS journal,"Intestinal Stem Cells to Advance Drug Development, Precision, and Regenerative Medicine: A Paradigm Shift in Translational Research",Journal Article; Review,True,41.0,T13_organoid_fib,41.0
29241457,2017,Skeletal muscle,Impaired regeneration in calpain-3 null muscle is associated with perturbations in mTORC1 signaling and defective mitochondrial biogenesis,"Journal Article; Research Support, Non-U.S. Gov't",False,31.0,T5_AMPK_miRNA,31.0
29413516,2018,"Advances in pharmacology (San Diego, Calif.)",Multiple Pathways Mediate MicroRNA Degradation: Focus on the Translin/Trax RNase Complex,Journal Article; Review,True,15.0,T3b_miRNA_stability,15.0
29567090,2018,Biochimica et biophysica acta. Proteins and proteomics,Quantitation of myosin regulatory light chain phosphorylation in biological samples with multiple reaction monitoring mass spectrometry,"Comparative Study; Journal Article; Research Support, Non-U.S. Gov't; Validation Study",False,3.0,M_phostag,3.0
29581866,2018,Oncotarget,Calpastatin phosphorylation regulates radiation-induced calpain activity in glioblastoma,Journal Article,False,10.0,M_phosphoAb,10.0
29600253,2018,Bio-protocol,A Small RNA Isolation and Sequencing Protocol and Its Application to Assay CRISPR RNA Biogenesis in Bacteria,Journal Article,False,4.0,T12b_smallRNAseq,4.0
29664017,2018,The Journal of clinical investigation,Specialized fibroblast differentiated states underlie scar formation in the infarcted mouse heart,"Journal Article; Research Support, N.I.H., Extramural; Research Support, Non-U.S. Gov't",False,590.0,O_cardiac_fib,590.0
29887379,2018,Cell,A Network of Noncoding Regulatory RNAs Acts in the Mammalian Brain,"Journal Article; Research Support, N.I.H., Extramural; Research Support, Non-U.S. Gov't",False,551.0,A_prior_verified,551.0
29954949,2018,"RNA (New York, N.Y.)",The S. pombe mitochondrial transcriptome,"Journal Article; Research Support, Non-U.S. Gov't",False,19.0,T12b_smallRNAseq,19.0
29959194,2019,Cold Spring Harbor perspectives in biology,Mechanistic Insights into MicroRNA-Mediated Gene Silencing,"Journal Article; Research Support, Non-U.S. Gov't; Review",True,132.0,T3_miRNA_turnover,132.0
29959678,2018,"Methods in molecular biology (Clifton, N.J.)",Analysis of 3' End Modifications in microRNAs by High-Throughput Sequencing,"Journal Article; Research Support, Non-U.S. Gov't",False,1.0,T12b_smallRNAseq,1.0
29959679,2018,"Methods in molecular biology (Clifton, N.J.)",Uncovering the Stability of Mature miRNAs by 4-Thio-Uridine Metabolic Labeling,Journal Article,False,9.0,T3_miRNA_turnover,9.0
3000978,1985,Intervirology,Flaviviridae,Journal Article; Review,True,278.0,T12b_smallRNAseq,278.0
30012624,2018,Proceedings of the National Academy of Sciences of the United States of America,Biogenesis of a 22-nt microRNA in Phaseoleae species by precursor-programmed uridylation,"Journal Article; Research Support, Non-U.S. Gov't; Research Support, U.S. Gov't, Non-P.H.S.",False,38.0,T9_uridylation,38.0
30057901,2018,Frontiers in molecular biosciences,"3' RNA Uridylation in Epitranscriptomics, Gene Regulation, and Disease",Journal Article; Review,True,53.0,T9_uridylation,53.0
30104661,2018,Nature structural & molecular biology,Terminal uridylyltransferases target RNA viruses as part of the innate immune system,"Journal Article; Research Support, Non-U.S. Gov't",False,108.0,T9b_TUT47,108.0
30166324,2018,The European respiratory journal,Stratifying infants with cystic fibrosis for disease severity using intestinal organoid swelling as a biomarker of CFTR function,"Journal Article; Research Support, Non-U.S. Gov't",False,64.0,T13_organoid_fib,64.0
30333515,2018,Scientific reports,Antagonistic and cooperative AGO2-PUM interactions in regulating mRNAs,Journal Article,False,41.0,T12_methods_AGO,41.0
30333855,2018,Frontiers in genetics,Target RNAs Strike Back on MicroRNAs,Journal Article; Review,True,82.0,T2b_TDMD_trigger,82.0
30348590,2018,Molecular metabolism,Control of hepatic gluconeogenesis by Argonaute2,"Journal Article; Research Support, Non-U.S. Gov't",False,7.0,T5_AMPK_miRNA,7.0
3037343,1987,Molecular and cellular biology,The highly conserved U small nuclear RNA 3'-end formation signal is quite tolerant to mutation,"Journal Article; Research Support, U.S. Gov't, P.H.S.",False,38.0,T12b_smallRNAseq,38.0
30385174,2019,Molecular aspects of medicine,Intestinal fibrosis,Journal Article; Review,True,102.0,T8_gut_fibrosis,102.0
30395968,2019,"Methods (San Diego, Calif.)",Unraveling 3'-end RNA uridylation at nucleotide resolution,"Journal Article; Research Support, N.I.H., Extramural; Research Support, Non-U.S. Gov't; Review",True,11.0,T9_uridylation;T9c_DIS3L2,11.0
30397100,2018,"Philosophical transactions of the Royal Society of London. Series B, Biological sciences",RNA uridylation and decay in plants,"Journal Article; Research Support, Non-U.S. Gov't; Review",True,17.0,T9_uridylation,17.0
30424002,2018,Non-coding RNA,Contemporary Ribonomics Methods for Viral microRNA Target Analysis,Journal Article; Review,True,5.0,M_AGO_CLIP,5.0
30483311,2018,Frontiers in genetics,Function and Regulation of Human Terminal Uridylyltransferases,Journal Article; Review,True,27.0,T9b_TUT47,27.0
30539551,2019,"Methods in molecular biology (Clifton, N.J.)",Detection of MicroRNA-Mediated Target mRNA Cleavage and 3'-Uridylation in Human Cells by a SLA-RT-PCR Analysis,"Journal Article; Research Support, N.I.H., Extramural; Research Support, U.S. Gov't, Non-P.H.S.",False,1.0,T9_uridylation,1.0
30581387,2018,Frontiers in pharmacology,Human Primary Epithelial Cell Models: Promising Tools in the Era of Cystic Fibrosis Personalized Medicine,Journal Article; Review,True,73.0,T13_organoid_fib,73.0
30593343,2019,"Methods (San Diego, Calif.)","Methods in MicroRNA Biogenesis, Identification, Function and Decay",Editorial; Introductory Journal Article,False,3.0,T3_miRNA_turnover;T3b_miRNA_stability,3.0
30600139,2019,Trends in microbiology,Planting the Microbiome,Journal Article,False,8.0,T3b_miRNA_stability,8.0
30622916,2018,MethodsX,Tools and protocol for quantification of myosin phosphorylation with MRM-MS,Journal Article,False,1.0,M_phostag,1.0
30638126,2019,RNA biology,Regulation of RNA decay and cellular function by 3'-5' exoribonuclease DIS3L2,"Journal Article; Research Support, Non-U.S. Gov't; Review",True,15.0,T9c_DIS3L2,15.0
30660766,2019,Biochimica et biophysica acta. General subjects,Regulation of Ca(2+)/calmodulin-dependent protein kinase kinase β by cAMP signaling,"Journal Article; Research Support, Non-U.S. Gov't",False,13.0,T15_AMPK_kinase_assay,13.0
30711446,2019,Molecular therapy : the journal of the American Society of Gene Therapy,Exosome-Mediated miR-29 Transfer Reduces Muscle Atrophy and Kidney Fibrosis in Mice,"Journal Article; Research Support, N.I.H., Extramural; Research Support, Non-U.S. Gov't; Research Support, U.S. Gov't, Non-P.H.S.",False,171.0,T7_miR29_fibrosis,171.0
30715470,2019,Nucleic acids research,RNA surveillance by uridylation-dependent RNA decay in Schizosaccharomyces pombe,"Journal Article; Research Support, Non-U.S. Gov't",False,19.0,T9c_DIS3L2,19.0
30902786,2019,Gene,MicroRNA 4651 regulates nonsense-mediated mRNA decay by targeting SMG9 mRNA,Journal Article,False,4.0,T3_miRNA_turnover,4.0
30963499,2019,"Methods in molecular biology (Clifton, N.J.)",Inconsistencies and Limitations of Current MicroRNA Target Identification Methods,Journal Article,False,29.0,M_AGO_CLIP,29.0
30967537,2019,Nature communications,Global identification of functional microRNA-mRNA interactions in Drosophila,"Journal Article; Research Support, N.I.H., Extramural; Research Support, Non-U.S. Gov't",False,44.0,M_AGO_CLIP,44.0
31028357,2019,Nature reviews. Cardiology,Molecular mechanisms of arrhythmogenic cardiomyopathy,"Journal Article; Research Support, N.I.H., Extramural; Research Support, Non-U.S. Gov't; Review",True,222.0,T11_methods_halflife,222.0
31036859,2019,Nature communications,Crystal structure of the Lin28-interacting module of human terminal uridylyltransferase that regulates let-7 expression,"Journal Article; Research Support, Non-U.S. Gov't",False,20.0,T9b_TUT47,20.0
31081145,2019,Journal of cellular biochemistry,Baicalein retards proliferation and collagen deposition by activating p38MAPK-JNK via microRNA-29,Journal Article; Retracted Publication,False,6.0,T7_miR29_fibrosis,6.0
31186373,2019,Science signaling,AMPK directly activates mTORC2 to promote cell survival during acute energetic stress,"Journal Article; Research Support, N.I.H., Extramural; Research Support, Non-U.S. Gov't",False,200.0,T15_AMPK_kinase_assay,200.0
31212027,2019,Drug discovery today,Mini-gut: a promising model for drug development,"Journal Article; Research Support, Non-U.S. Gov't; Review",True,33.0,T13_organoid_fib,33.0
31244282,2019,Asian Pacific journal of cancer prevention : APJCP,MicroRNA Isolation by Trizol-Based Method and Its Stability in Stored Serum and cDNA Derivatives,Journal Article,False,22.0,T3b_miRNA_stability,22.0
31325178,2020,Journal of neurochemistry,High specificity of widely used phospho-tau antibodies validated using a quantitative whole-cell based assay,"Journal Article; Research Support, N.I.H., Extramural; Research Support, U.S. Gov't, Non-P.H.S.; Validation Study",False,20.0,M_phosphoAb,20.0
31353209,2019,Molecular cell,Structural Basis for Target-Directed MicroRNA Degradation,"Journal Article; Research Support, N.I.H., Extramural; Research Support, Non-U.S. Gov't",False,233.0,T2b_TDMD_trigger,233.0
31466720,2019,Biochemical and biophysical research communications,A role for DIS3L2 over natural nonsense-mediated mRNA decay targets in human cells,"Journal Article; Research Support, Non-U.S. Gov't",False,15.0,T9c_DIS3L2,15.0
31486032,2020,"Methods in molecular biology (Clifton, N.J.)",Insert Stability and In Vivo Testing of MicroRNA-Detargeted Oncolytic Picornaviruses,Journal Article,False,1.0,T3b_miRNA_stability,1.0
31498317,2019,Journal of visualized experiments : JoVE,Extremely Rapid and Specific Metabolic Labelling of RNA In Vivo with 4-Thiouracil (Ers4tU),"Journal Article; Research Support, Non-U.S. Gov't; Video-Audio Media",False,7.0,T11b_SLAMseq,7.0
31519739,2019,Genome research,Global analyses of the dynamics of mammalian microRNA metabolism,"Journal Article; Research Support, N.I.H., Extramural; Research Support, Non-U.S. Gov't; Research Support, U.S. Gov't, Non-P.H.S.",False,134.0,T3_miRNA_turnover,134.0
31519907,2019,Nature communications,UPF1/SMG7-dependent microRNA-mediated gene regulation,"Journal Article; Research Support, Non-U.S. Gov't",False,27.0,T3_miRNA_turnover,27.0
31562301,2019,Nature communications,microRNA arm-imbalance in part from complementary targets mediated decay promotes gastric cancer progression,"Journal Article; Research Support, Non-U.S. Gov't",False,67.0,T3_miRNA_turnover,67.0
31634902,2019,Nature,Search-and-replace genome editing without double-strand breaks or donor DNA,"Journal Article; Research Support, N.I.H., Extramural; Research Support, Non-U.S. Gov't; Research Support, U.S. Gov't, Non-P.H.S.",False,3705.0,T14b_prime,3705.0
31678323,2020,Neurochemistry international,Rapid and persistent loss of TXNIP in HT22 neuronal cells under carbonyl and hyperosmotic stress,"Journal Article; Research Support, N.I.H., Extramural; Research Support, Non-U.S. Gov't",False,5.0,T5_AMPK_miRNA,5.0
31768978,2020,"Methods in molecular biology (Clifton, N.J.)",Thiouridine-to-Cytidine Conversion Sequencing (TUC-Seq) to Measure mRNA Transcription and Degradation Rates,"Journal Article; Research Support, Non-U.S. Gov't",False,19.0,T11b_SLAMseq,19.0
31792392,2019,Nature plants,Prevalent cytidylation and uridylation of precursor miRNAs in Arabidopsis,"Journal Article; Research Support, Non-U.S. Gov't",False,24.0,T9_uridylation,24.0
31805502,2020,Redox biology,"AMPK leads to phosphorylation of the transcription factor Nrf2, tuning transactivation of selected target genes","Journal Article; Research Support, Non-U.S. Gov't",False,126.0,T15_AMPK_kinase_assay,126.0
31937940,2020,Nature biomedical engineering,"Cytosine and adenine base editing of the brain, liver, retina, heart and skeletal muscle of mice via adeno-associated viruses","Journal Article; Research Support, N.I.H., Extramural; Research Support, Non-U.S. Gov't; Research Support, U.S. Gov't, Non-P.H.S.",False,430.0,T14b_prime,430.0
31954720,2020,Biochimie,Metabolic memory and diabetic nephropathy: Beneficial effects of natural epigenetic modifiers,Journal Article; Review,True,18.0,T6_metabolic_memory,18.0
31982487,2020,Pharmacological research,Incretins and microRNAs: Interactions and physiological relevance,Journal Article; Review,True,20.0,T11_methods_halflife,20.0
32219907,2020,FASEB journal : official publication of the Federation of American Societies for Experimental Biology,PKA-independent vasopressin signaling in renal collecting duct,"Journal Article; Research Support, N.I.H., Intramural",False,26.0,T15_AMPK_kinase_assay,26.0
32240621,2020,Molecular metabolism,Metabolic transcriptional memory,"Journal Article; Research Support, Non-U.S. Gov't; Review",True,26.0,T6_metabolic_memory,26.0
32333719,2020,Molecular oncology,SUMOylation modulates the LIN28A-let-7 signaling pathway in response to cellular stresses in cancer cells,"Journal Article; Research Support, Non-U.S. Gov't",False,16.0,T9b_TUT47,16.0
32339167,2020,PLoS genetics,Dynamic miRNA-mRNA interactions coordinate gene expression in adult Anopheles gambiae,"Journal Article; Research Support, N.I.H., Extramural",False,24.0,M_AGO_CLIP,24.0
32374871,2020,Nucleic acids research,DIS3L2 and LSm proteins are involved in the surveillance of Sm ring-deficient snRNAs,"Journal Article; Research Support, Non-U.S. Gov't",False,21.0,T9c_DIS3L2,21.0
32410340,2020,Journal of digestive diseases,Surgical treatment of intestinal stricture in inflammatory bowel disease,Journal Article; Review,True,15.0,T8_gut_fibrosis,15.0
32442398,2020,Molecular cell,A Mechanism for microRNA Arm Switching Regulated by Uridylation,"Journal Article; Research Support, Non-U.S. Gov't",False,83.0,T9_uridylation,83.0
32453427,2020,The Biochemical journal,AMP-activated protein kinase regulates alternative pre-mRNA splicing by phosphorylation of SRSF1,"Journal Article; Research Support, Non-U.S. Gov't",False,20.0,T4_AMPK_substrate,20.0
32457326,2020,Nature communications,The Perlman syndrome DIS3L2 exoribonuclease safeguards endoplasmic reticulum-targeted mRNA translation and calcium ion homeostasis,"Journal Article; Research Support, N.I.H., Extramural; Research Support, Non-U.S. Gov't",False,20.0,T9c_DIS3L2,20.0
32497496,2020,Molecular cell,High-Resolution In Vivo Identification of miRNA Targets by Halo-Enhanced Ago2 Pull-Down,"Journal Article; Research Support, N.I.H., Extramural; Research Support, Non-U.S. Gov't",False,50.0,M_AGO_CLIP;T12_methods_AGO,50.0
32603313,2020,The Journal of clinical investigation,Long noncoding RNA H19X is a key mediator of TGF-β-driven fibrosis,"Journal Article; Research Support, N.I.H., Extramural; Research Support, Non-U.S. Gov't",False,65.0,T7_miR29_fibrosis,65.0
32611237,2020,Circulation research,Glutamyl-Prolyl-tRNA Synthetase Regulates Proline-Rich Pro-Fibrotic Protein Synthesis During Cardiac Fibrosis,"Journal Article; Research Support, N.I.H., Extramural; Research Support, Non-U.S. Gov't",False,115.0,O_cardiac_fib,115.0
32612071,2020,Biological & pharmaceutical bulletin,Application of Human Induced Pluripotent Stem Cell-Derived Intestinal Organoids as a Model of Epithelial Damage and Fibrosis in Inflammatory Bowel Disease,Journal Article,False,35.0,T13_organoid_fib,35.0
32663099,2020,American journal of physiology. Endocrinology and metabolism,"Inhibition of AMPK activity in response to insulin in adipocytes: involvement of AMPK pS485, PDEs, and cellular energy levels","Journal Article; Research Support, Non-U.S. Gov't",False,12.0,T15_AMPK_kinase_assay,12.0
32696389,2020,"Methods in molecular biology (Clifton, N.J.)",Detection of Multisite Phosphorylation of Intrinsically Disordered Proteins Using Phos-tag SDS-PAGE,"Journal Article; Research Support, Non-U.S. Gov't",False,13.0,M_phostag,13.0
32783657,2020,American journal of physiology. Cell physiology,miRNA degradation in the mammalian brain,"Journal Article; Research Support, N.I.H., Extramural; Review",True,34.0,T2b_TDMD_trigger,34.0
32815547,2020,Bioscience reports,Epigenetic modification and therapeutic targets of diabetes mellitus,"Journal Article; Research Support, Non-U.S. Gov't; Review",True,56.0,T6_metabolic_memory,56.0
32858048,2020,European journal of pharmacology,MicroRNA interplay between hepatic stellate cell quiescence and activation,Journal Article; Review,True,56.0,T7_miR29_fibrosis,56.0
32900951,2020,Proceedings of the National Academy of Sciences of the United States of America,Dynamic changes in DICER levels in adipose tissue control metabolic adaptations to exercise,"Journal Article; Research Support, N.I.H., Extramural; Research Support, Non-U.S. Gov't",False,35.0,T5_AMPK_miRNA,35.0
33119150,2020,Scandinavian journal of immunology,Mechanism of fibrosis and stricture formation in Crohn's disease,Journal Article; Review,True,97.0,T8_gut_fibrosis,97.0
33184234,2020,"Science (New York, N.Y.)",A ubiquitin ligase mediates target-directed microRNA decay independently of tailing and trimming,"Journal Article; Research Support, N.I.H., Extramural; Research Support, Non-U.S. Gov't",False,201.0,T1_TDMD_core;T2_TDMD_frontier;T2b_TDMD_trigger;T3_miRNA_turnover,201.0
33184237,2020,"Science (New York, N.Y.)",The ZSWIM8 ubiquitin ligase mediates target-directed microRNA degradation,"Journal Article; Research Support, N.I.H., Extramural; Research Support, Non-U.S. Gov't",False,191.0,T1_TDMD_core;T2_TDMD_frontier;T2b_TDMD_trigger,191.0
33203680,2020,Proceedings of the National Academy of Sciences of the United States of America,Rox8 promotes microRNA-dependent yki messenger RNA decay,"Journal Article; Research Support, Non-U.S. Gov't",False,19.0,T3_miRNA_turnover,19.0
33235025,2021,Journal of cardiovascular pharmacology,Leonurine Attenuates Myocardial Fibrosis Through Upregulation of miR-29a-3p in Mice Post-myocardial Infarction,"Journal Article; Research Support, Non-U.S. Gov't",False,27.0,T7_miR29_fibrosis,27.0
33253722,2021,Life sciences,A minireview: Role of AMP-activated protein kinase (AMPK) signaling in obesity-related renal injury,Journal Article; Review,True,30.0,T5_AMPK_miRNA,30.0
33300035,2021,Nucleic acids research,MiR-CLIP reveals iso-miR selective regulation in the miR-124 targetome,"Journal Article; Research Support, Non-U.S. Gov't",False,15.0,T12_methods_AGO,15.0
33332475,2020,PloS one,A strategic expression method of miR-29b and its anti-fibrotic effect based on RNA-sequencing analysis,"Journal Article; Research Support, N.I.H., Extramural; Research Support, Non-U.S. Gov't",False,18.0,T7_miR29_fibrosis,18.0
33434505,2021,Molecular cell,R-2-hydroxyglutarate attenuates aerobic glycolysis in leukemia by targeting the FTO/m(6)A/PFKP/LDHB axis,"Journal Article; Research Support, N.I.H., Extramural; Research Support, Non-U.S. Gov't",False,278.0,L_lactate_RNA,278.0
33538066,2022,Biotechnology and applied biochemistry,Palbociclib negatively regulates fatty acid synthesis due to upregulation of AMPKα and miR-33a levels to increase apoptosis in Panc-1 and MiaPaCa-2 cells,Journal Article,False,10.0,T5_AMPK_miRNA,10.0
33606977,2021,Cell,Massively parallel assessment of human variants with base editor screens,"Journal Article; Research Support, N.I.H., Extramural; Research Support, Non-U.S. Gov't; Research Support, U.S. Gov't, Non-P.H.S.",False,307.0,T14b_prime,307.0
33641444,2021,"Experimental biology and medicine (Maywood, N.J.)",Smad7 attenuates TGF-β-mediated aging-related hypofunction of submandibular glands,"Journal Article; Research Support, Non-U.S. Gov't",False,9.0,T7_miR29_fibrosis,9.0
33649785,2021,Molecular medicine reports,Anti‑fibrotic effects and the mechanism of action of miR‑29c in silicosis,Journal Article,False,5.0,T7_miR29_fibrosis,5.0
33709560,2021,Thoracic cancer,Quercetin induces pro-apoptotic autophagy via SIRT1/AMPK signaling pathway in human lung cancer cell lines A549 and H1299 in vitro,"Journal Article; Research Support, Non-U.S. Gov't",False,162.0,T15_AMPK_kinase_assay,162.0
33794184,2021,Cell host & microbe,"Argonaute-CLIP delineates versatile, functional RNAi networks in Aedes aegypti, a major vector of human viruses","Journal Article; Research Support, N.I.H., Extramural; Research Support, Non-U.S. Gov't",False,15.0,T12_methods_AGO,15.0
33794275,2021,Journal of pharmaceutical sciences,Generation of Budding-Like Intestinal Organoids from Human Induced Pluripotent Stem Cells,"Journal Article; Research Support, Non-U.S. Gov't",False,23.0,T13_organoid_fib,23.0
33823551,2021,Nucleic acids research,Systemic CLIP-seq analysis and game theory approach to model microRNA mode of binding,"Journal Article; Research Support, Non-U.S. Gov't; Validation Study",False,3.0,T12_methods_AGO,3.0
33853897,2021,"RNA (New York, N.Y.)","Ago2 protects Drosophila siRNAs and microRNAs from target-directed degradation, even in the absence of 2'-O-methylation","Journal Article; Research Support, N.I.H., Extramural; Research Support, Non-U.S. Gov't; Research Support, U.S. Gov't, Non-P.H.S.",False,35.0,T1_TDMD_core,35.0
33887464,2021,Journal of thoracic oncology : official publication of the International Association for the Study of Lung Cancer,LKB1 Down-Modulation by miR-17 Identifies Patients With NSCLC Having Worse Prognosis Eligible for Energy-Stress-Based Treatments,"Journal Article; Research Support, Non-U.S. Gov't",False,20.0,T5_AMPK_miRNA,20.0
33947766,2021,mBio,The Zinc Finger Antiviral Protein ZAP Restricts Human Cytomegalovirus and Selectively Binds and Destabilizes Viral UL4/UL5 Transcripts,"Journal Article; Research Support, Non-U.S. Gov't",False,51.0,T11b_SLAMseq,51.0
33959794,2021,Radiation and environmental biophysics,MicroRNA-26 regulates the expression of CTGF after exposure to ionizing radiation,"Journal Article; Research Support, Non-U.S. Gov't",False,4.0,T7_miR29_fibrosis,4.0
34034810,2021,Human genomics,Epigenetics and microRNAs in UGT1As,"Journal Article; Research Support, Non-U.S. Gov't; Review",True,16.0,T11_methods_halflife,16.0
34119570,2021,Virus research,Polymorphisms at the 3'end of the movement protein (MP) gene of grapevine Pinot gris virus (GPGV) affect virus titre and small interfering RNA accumulation in GLMD disease,"Journal Article; Research Support, Non-U.S. Gov't",False,9.0,T12b_smallRNAseq,9.0
34228787,2021,Briefings in bioinformatics,A comparison of metabolic labeling and statistical methods to infer genome-wide dynamics of RNA turnover,"Journal Article; Research Support, Non-U.S. Gov't",False,22.0,T11b_SLAMseq,22.0
34409732,2021,EMBO molecular medicine,Mitogen-activated protein kinase activity drives cell trajectories in colorectal cancer,"Journal Article; Research Support, Non-U.S. Gov't",False,156.0,T11b_SLAMseq,156.0
34417757,2021,"Methods in molecular biology (Clifton, N.J.)",Characterizing miRNA-lncRNA Interplay,"Journal Article; Research Support, Non-U.S. Gov't",False,64.0,T11_methods_halflife,64.0
34432271,2022,"Methods in molecular biology (Clifton, N.J.)",Regulation of MicroRNAs,Journal Article,False,32.0,T9_uridylation,32.0
34465369,2021,Molecular neurodegeneration,Functional microRNA targetome undergoes degeneration-induced shift in the retina,"Comparative Study; Journal Article; Research Support, Non-U.S. Gov't",False,18.0,T12_methods_AGO,18.0
34494384,2022,Hepatology communications,Direct AMPK Activation Corrects NASH in Rodents Through Metabolic Effects and Direct Action on Inflammation and Fibrogenesis,"Journal Article; Research Support, Non-U.S. Gov't",False,67.0,T15_AMPK_kinase_assay,67.0
34504485,2021,Frontiers in immunology,Elevated Fibronectin Levels in Profibrotic CD14(+) Monocytes and CD14(+) Macrophages in Systemic Sclerosis,"Journal Article; Research Support, Non-U.S. Gov't",False,51.0,T7_miR29_fibrosis,51.0
34586415,2021,Nucleic acids research,Screening by deep sequencing reveals mediators of microRNA tailing in C. elegans,"Journal Article; Research Support, N.I.H., Extramural; Research Support, N.I.H., Intramural",False,36.0,T3_miRNA_turnover,36.0
34610303,2021,Cell reports,Serum- and glucocorticoid-induced kinase drives hepatic insulin resistance by directly inhibiting AMP-activated protein kinase,"Journal Article; Research Support, N.I.H., Extramural; Research Support, Non-U.S. Gov't",False,29.0,T4_AMPK_substrate,29.0
34644564,2021,Cell reports,Protein lactylation induced by neural excitation,"Journal Article; Research Support, Non-U.S. Gov't",False,308.0,T10_lactylation,308.0
34686700,2021,Scientific reports,ZSWIM8 is a myogenic protein that partly prevents C2C12 differentiation,"Journal Article; Research Support, Non-U.S. Gov't",False,13.0,T2_TDMD_frontier,13.0
34763098,2022,Vascular pharmacology,Extrinsic and intrinsic factors influencing metabolic memory in type 2 diabetes,"Journal Article; Research Support, Non-U.S. Gov't; Review",True,14.0,T6_metabolic_memory,14.0
34787459,2022,Journal of virology,Protein-RNA Interactome Analysis Reveals Wide Association of Kaposi's Sarcoma-Associated Herpesvirus ORF57 with Host Noncoding RNAs and Polysomes,"Journal Article; Research Support, N.I.H., Intramural",False,9.0,T12_methods_AGO,9.0
34819352,2021,Genes & development,Widespread microRNA degradation elements in target mRNAs can assist the encoded proteins,"Journal Article; Research Support, N.I.H., Extramural; Research Support, Non-U.S. Gov't",False,67.0,T2b_TDMD_trigger,67.0
34907157,2021,Cell death & disease,Genome-wide identification of microRNA targets reveals positive regulation of the Hippo pathway by miR-122 during liver development,"Journal Article; Research Support, Non-U.S. Gov't",False,13.0,M_AGO_CLIP,13.0
34938180,2021,Frontiers in pharmacology,The Extracellular Matrix Enriched With Exosomes for the Treatment on Pulmonary Fibrosis in Mice,Journal Article,False,17.0,T7_miR29_fibrosis,17.0
35063667,2022,The Journal of molecular diagnostics : JMD,Identification and Validation of Noncanonical RET Fusions in Non-Small-Cell Lung Cancer through DNA and RNA Sequencing,"Journal Article; Research Support, Non-U.S. Gov't",False,22.0,T12b_smallRNAseq,22.0
35121196,2022,Stem cell research,Generation of a CRISPR/Cas edited human induced pluripotent stem cell line DHMi005-A-1 carrying a patient-specific disease-causing point mutation in the TBX5 gene,"Journal Article; Research Support, Non-U.S. Gov't",False,3.0,T14b_prime,3.0
35137158,2022,Nucleic acids research,Prediction and pan-cancer analysis of mammalian transcripts involved in target directed miRNA degradation,"Journal Article; Research Support, Non-U.S. Gov't",False,37.0,A_prior_verified,37.0
35156780,2022,Molecular systems biology,CFTR interactome mapping using the mammalian membrane two-hybrid high-throughput screening system,"Journal Article; Research Support, Non-U.S. Gov't",False,23.0,T13_organoid_fib,23.0
35159238,2022,Cells,Therapeutic Targeting of Intestinal Fibrosis in Crohn's Disease,"Journal Article; Research Support, Non-U.S. Gov't; Review",True,70.0,T8_gut_fibrosis,70.0
35164782,2022,Journal of translational medicine,Adiponectin suppresses tumor growth of nasopharyngeal carcinoma through activating AMPK signaling pathway,"Journal Article; Research Support, Non-U.S. Gov't",False,18.0,T15_AMPK_kinase_assay,18.0
35173552,2022,International journal of biological sciences,CXCR4-dependent macrophage-to-fibroblast signaling contributes to cardiac diastolic dysfunction in heart failure with preserved ejection fraction,"Journal Article; Research Support, Non-U.S. Gov't",False,55.0,O_cardiac_fib,55.0
35219894,2022,Cellular and molecular gastroenterology and hepatology,Autophagy-Related Activation of Hepatic Stellate Cells Reduces Cellular miR-29a by Promoting Its Vesicular Secretion,"Journal Article; Research Support, Non-U.S. Gov't; Research Support, N.I.H., Extramural",False,20.0,T7_miR29_fibrosis,20.0
35247033,2023,The FEBS journal,The intricate balance between microRNA-induced mRNA decay and translational repression,"Journal Article; Review; Research Support, Non-U.S. Gov't",True,125.0,T3_miRNA_turnover,125.0
35296539,2022,"RNA (New York, N.Y.)",Global SLAM-seq for accurate mRNA decay determination and identification of NMD targets,"Journal Article; Research Support, Non-U.S. Gov't",False,24.0,T11b_SLAMseq,24.0
35310381,2022,Bioactive materials,Clinical progress of nanomedicine-based RNA therapies,Journal Article; Review,True,48.0,T11_methods_halflife,48.0
35320754,2022,Molecular cell,Lactylation-driven METTL3-mediated RNA m(6)A modification promotes immunosuppression of tumor-infiltrating myeloid cells,"Journal Article; Research Support, Non-U.S. Gov't",False,737.0,T10_lactylation,737.0
35438362,2022,Journal of bioenergetics and biomembranes,CircCDC6 restrains tumor growth and glycolysis energy metabolism in colorectal cancer via regulating miR-3187-3p and downstream PRKAA2,Journal Article,False,6.0,T5_AMPK_miRNA,6.0
35441143,2022,RSC chemical biology,Synthesis of 4-thiouridines with prodrug functionalization for RNA metabolic labeling,Journal Article,False,6.0,T11b_SLAMseq,6.0
35623408,2022,Biochemical pharmacology,Panax notoginseng saponin R1 attenuates allergic rhinitis through AMPK/Drp1 mediated mitochondrial fission,"Journal Article; Research Support, Non-U.S. Gov't",False,28.0,T15_AMPK_kinase_assay,28.0
35682838,2022,International journal of molecular sciences,Prime Editing Permits the Introduction of Specific Mutations in the Gene Responsible for Duchenne Muscular Dystrophy,Journal Article,False,32.0,T14b_prime,32.0
35704699,2022,American journal of physiology. Cell physiology,The microRNA-29 family: role in metabolism and metabolic disease,"Journal Article; Review; Research Support, Non-U.S. Gov't",True,93.0,T7_miR29_fibrosis,93.0
35729094,2022,Yi chuan = Hereditas,Uridylation: a vital way for cellular RNA surveillance,Journal Article; Review,True,2.0,T9_uridylation,2.0
35771000,2022,RNA biology,Editome landscape of CCM-derived endothelial cells,Journal Article,False,9.0,T11_methods_halflife,9.0
35797480,2022,Biochemistry,"Kinetic and Mechanistic Studies of the Terminal Uridylyltransferase, Zcchc11 (TUT4)",Journal Article,False,3.0,T9b_TUT47,3.0
35811249,2023,Trends in biochemical sciences,"MicroRNA turnover: a tale of tailing, trimming, and targets","Journal Article; Review; Research Support, N.I.H., Extramural; Research Support, Non-U.S. Gov't",True,72.0,T1_TDMD_core;T2_TDMD_frontier;T2b_TDMD_trigger,72.0
35940847,2022,Life science alliance,The conserved Pelado/ZSWIM8 protein regulates actin dynamics by promoting linear actin filament polymerization,"Journal Article; Research Support, N.I.H., Extramural; Research Support, Non-U.S. Gov't",False,13.0,T2_TDMD_frontier,13.0
35947946,2022,Cell reports,The developmentally timed decay of an essential microRNA family is seed-sequence dependent,"Journal Article; Research Support, N.I.H., Extramural; Research Support, N.I.H., Intramural",False,54.0,T3_miRNA_turnover,54.0
35989311,2023,"Cerebral cortex (New York, N.Y. : 1991)",The ZSWIM8 ubiquitin ligase regulates neurodevelopment by guarding the protein quality of intrinsically disordered Dab1,"Journal Article; Research Support, Non-U.S. Gov't",False,24.0,T2_TDMD_frontier,24.0
36044434,2022,PloS one,Stability of circulating microRNAs in serum,Journal Article,False,46.0,T3b_miRNA_stability,46.0
36044596,2022,Science translational medicine,Cardioprotective factors against myocardial infarction selected in vivo from an AAV secretome library,"Journal Article; Research Support, Non-U.S. Gov't",False,34.0,O_cardiac_fib,34.0
36174932,2022,Journal of pharmacological and toxicological methods,Development of a medium throughput whole-cell microtiter plate Thr286 autophosphorylation assay for CaMKIIα using ELISA,Journal Article,False,2.0,M_phosphoAb,2.0
36192429,2023,Journal of human hypertension,microRNA-223 and microRNA-126 are clinical indicators for predicting the plaque stability in carotid atherosclerosis patients,Journal Article,False,5.0,T3b_miRNA_stability,5.0
36233246,2022,International journal of molecular sciences,Lactate-Lactylation Hands between Metabolic Reprogramming and Immunosuppression,Journal Article; Review,True,312.0,T10_lactylation,312.0
36309883,2023,Molecular and cellular biochemistry,Comprehensive analysis of transcriptomics and metabolomics to understand chronic ethanol induced murine cardiotoxicity,Journal Article,False,5.0,T5_AMPK_miRNA,5.0
36327905,2023,Biosensors & bioelectronics,An miRISC-initiated DNA nanomachine for monitoring MicroRNA activity in living cells,Journal Article,False,3.0,T9b_TUT47,3.0
36468539,2023,Cell biochemistry and function,AMP-activated protein kinase is a key regulator of obesity-associated factors,Journal Article; Review,True,21.0,T5_AMPK_miRNA,21.0
36495875,2022,Developmental cell,RNA degradation eliminates developmental transcripts during murine embryonic stem cell differentiation via CAPRIN1-XRN2,"Journal Article; Research Support, Non-U.S. Gov't",False,19.0,T11b_SLAMseq,19.0
36497000,2022,Cells,Terminal Uridylyltransferases TUT4/7 Regulate microRNA and mRNA Homeostasis,Journal Article,False,12.0,T9b_TUT47,12.0
36548138,2022,Methods and protocols,Studying miRNA-mRNA Interactions: An Optimized CLIP-Protocol for Endogenous Ago2-Protein,Journal Article,False,6.0,M_AGO_CLIP;T12_methods_AGO,6.0
36623814,2023,Journal of pathology and translational medicine,Inflammatory bowel disease-associated intestinal fibrosis,Journal Article; Review,True,39.0,T8_gut_fibrosis,39.0
36670555,2022,"Children (Basel, Switzerland)",Organoid Technology and Its Role for Theratyping Applications in Cystic Fibrosis,Journal Article; Review,True,15.0,T13_organoid_fib,15.0
36672241,2023,Cells,Network Regulation of microRNA Biogenesis and Target Interaction,"Journal Article; Review; Research Support, Non-U.S. Gov't",True,87.0,T2b_TDMD_trigger,87.0
36727488,2023,Nucleic acids research,DIS3L2 ribonuclease degrades terminal-uridylated RNA to ensure oocyte maturation and female fertility,"Journal Article; Research Support, N.I.H., Intramural",False,13.0,T9c_DIS3L2,13.0
36743500,2023,Frontiers in plant science,microRNA production in Arabidopsis,Journal Article; Review,True,17.0,T9_uridylation,17.0
36823385,2023,Nature structural & molecular biology,A shape-shifting nuclease unravels structured RNA,"Journal Article; Research Support, N.I.H., Extramural; Research Support, Non-U.S. Gov't",False,14.0,T9c_DIS3L2,14.0
36961814,2023,Cell reports,Identification of the viral and cellular microRNA interactomes during SARS-CoV-2 infection,"Journal Article; Research Support, Non-U.S. Gov't",False,18.0,M_AGO_CLIP,18.0
37019888,2023,Nature communications,Buffering of transcription rate by mRNA half-life is a conserved feature of Rett syndrome models,"Journal Article; Research Support, Non-U.S. Gov't",False,12.0,T11_methods_halflife,12.0
37021213,2023,Journal of dental sciences,Specific inhibitor of Smad3 (SIS3) alleviated submandibular gland fibrosis and dysfunction after dominant duct ligation in mice,Journal Article,False,13.0,T7_miR29_fibrosis,13.0
37028916,2023,"RNA (New York, N.Y.)",bakR: uncovering differential RNA synthesis and degradation kinetics transcriptome-wide with Bayesian hierarchical modeling,Journal Article,False,33.0,T11b_SLAMseq,33.0
37037818,2023,Cell death & disease,Long noncoding RNA DIAPH2-AS1 promotes neural invasion of gastric cancer via stabilizing NSUN2 to enhance the m5C modification of NTN1,"Journal Article; Research Support, Non-U.S. Gov't",False,47.0,T3b_miRNA_stability,47.0
37055330,2024,Seminars in cell & developmental biology,Recent advances in understanding microRNA function and regulation in C. elegans,"Journal Article; Review; Research Support, N.I.H., Intramural",True,10.0,T2b_TDMD_trigger,10.0
37080437,2023,Biochemical pharmacology,ALOX5 promotes autophagy-dependent ferroptosis by activating the AMPK/mTOR pathway in melanoma,Journal Article,False,54.0,T15_AMPK_kinase_assay,54.0
37166662,2023,"Methods in molecular biology (Clifton, N.J.)","Identify MicroRNA Targets Using AGO2-CLASH (Cross-linking, Ligation, and Sequencing of Hybrids) and AGO2-CLIP (Cross-Linking and Immuno-Precipitation) in Cells with or Without the MicroRNA of Interest Depleted","Journal Article; Research Support, Non-U.S. Gov't",False,1.0,M_AGO_CLIP;T12_methods_AGO,1.0
37170259,2023,BMC bioinformatics,A statistical approach for identifying primary substrates of ZSWIM8-mediated microRNA degradation in small-RNA sequencing data,Journal Article,False,7.0,T1_TDMD_core;T2_TDMD_frontier,7.0
37245426,2023,Atherosclerosis,Exercise-induced endothelial Mecp2 lactylation suppresses atherosclerosis via the Ereg/MAPK signalling pathway,"Journal Article; Research Support, Non-U.S. Gov't",False,110.0,L_lactate_RNA,110.0
37289084,2023,Journal of virology,The Cytomegalovirus M35 Protein Directly Binds to the Interferon-β Enhancer and Modulates Transcription of Ifnb1 and Other IRF3-Driven Genes,"Journal Article; Research Support, Non-U.S. Gov't",False,4.0,T11b_SLAMseq,4.0
37306727,2023,The Egyptian heart journal : (EHJ) : official bulletin of the Egyptian Society of Cardiology,Potential molecular mechanism underlying cardiac fibrosis in diabetes mellitus: a narrative review,Journal Article; Review,True,14.0,T7_miR29_fibrosis,14.0
37324939,2023,International journal of biological sciences,The potential role and mechanism of circRNA/miRNA axis in cholesterol synthesis,"Journal Article; Review; Research Support, Non-U.S. Gov't",True,90.0,T11_methods_halflife,90.0
37329510,2023,STAR protocols,Protocol for quantitative analysis of RNA 3'-end processing induced by disassociated subunits using chromatin-associated RNA-seq data,"Journal Article; Research Support, Non-U.S. Gov't; Comment",False,1.0,T12b_smallRNAseq,1.0
37338678,2023,Inflammation research : official journal of the European Histamine Research Society ... [et al.],CaMKK2 alleviates myocardial ischemia/reperfusion injury by inhibiting oxidative stress and inflammation via the action on the AMPK-AKT-GSK-3β/Nrf2 signaling cascade,Journal Article,False,13.0,T15_AMPK_kinase_assay,13.0
37358511,2023,Comprehensive physiology,Extracellular Vesicle MicroRNA in the Kidney,"Journal Article; Research Support, N.I.H., Extramural; Research Support, Non-U.S. Gov't",False,3.0,T3_miRNA_turnover,3.0
37402366,2023,Molecular cell,Oncogenic K-Ras suppresses global miRNA function,"Journal Article; Research Support, N.I.H., Extramural; Research Support, Non-U.S. Gov't",False,15.0,T12_methods_AGO,15.0
37403558,2023,International journal of immunopathology and pharmacology,Potential new therapeutic targets: Association of microRNA with atherosclerotic plaque stability,Review; Journal Article,True,8.0,T3b_miRNA_stability,8.0
37425885,2023,bioRxiv : the preprint server for biology,Target-directed microRNA degradation regulates developmental microRNA expression and embryonic growth in mammals,Preprint; Journal Article,False,,T1_TDMD_core;T2_TDMD_frontier;T2b_TDMD_trigger,0.0
37428369,2023,"Methods in molecular biology (Clifton, N.J.)",Isolation and Library Preparation of Planarian piRNAs,"Journal Article; Research Support, Non-U.S. Gov't",False,0.0,T12b_smallRNAseq,0.0
37443814,2023,Cells,The Microenvironment of the Pathogenesis of Cardiac Hypertrophy,"Journal Article; Review; Research Support, N.I.H., Extramural; Research Support, Non-U.S. Gov't",True,78.0,O_cardiac_fib,78.0
37449045,2023,Molecular therapy. Nucleic acids,Angiotensin II mediates hypertensive cardiac fibrosis via an Erbb4-IR-dependent mechanism,Journal Article,False,12.0,T7_miR29_fibrosis,12.0
37532519,2023,Genome research,ZSWIM8 destabilizes many murine microRNAs and is required for proper embryonic growth and development,"Journal Article; Research Support, N.I.H., Extramural; Research Support, Non-U.S. Gov't",False,38.0,T1_TDMD_core;T2_TDMD_frontier,38.0
37553261,2023,Genes & development,Target-directed microRNA degradation regulates developmental microRNA expression and embryonic growth in mammals,"Journal Article; Research Support, Non-U.S. Gov't; Research Support, N.I.H., Extramural",False,44.0,T1_TDMD_core;T2_TDMD_frontier;T2b_TDMD_trigger,44.0
37634735,2023,Gastroenterology,Pancreatic Acinar Cells-Derived Sphingosine-1-Phosphate Contributes to Fibrosis of Chronic Pancreatitis via Inducing Autophagy and Activation of Pancreatic Stellate Cells,"Journal Article; Research Support, Non-U.S. Gov't",False,57.0,T15_AMPK_kinase_assay,57.0
37653034,2023,Experimental & molecular medicine,MicroRNA regulation of AMPK in nonalcoholic fatty liver disease,"Journal Article; Review; Research Support, N.I.H., Extramural",True,28.0,A_prior_verified,28.0
37683599,2024,British journal of clinical pharmacology,Paracetamol (acetaminophen) poisoning: The early years,Journal Article; Review,True,12.0,T11_methods_halflife,12.0
37716034,2023,Phytomedicine : international journal of phytotherapy and phytopharmacology,Escin avoids hemorrhagic transformation in ischemic stroke by protecting BBB through the AMPK/Cav-1/MMP-9 pathway,Journal Article,False,27.0,T15_AMPK_kinase_assay,27.0
37742376,2024,Journal of hazardous materials,H3K18 lactylation promotes the progression of arsenite-related idiopathic pulmonary fibrosis via YTHDF1/m6A/NREP,"Journal Article; Research Support, Non-U.S. Gov't",False,150.0,L_lactate_RNA,150.0
37818745,2023,"Advanced science (Weinheim, Baden-Wurttemberg, Germany)",NAT10/ac4C/FOXP1 Promotes Malignant Progression and Facilitates Immunosuppression by Reprogramming Glycolytic Metabolism in Cervical Cancer,"Journal Article; Research Support, Non-U.S. Gov't",False,132.0,L_lactate_RNA,132.0
37863889,2023,Nature communications,Lactylation of METTL16 promotes cuproptosis via m(6)A-modification on FDX1 mRNA in gastric cancer,"Journal Article; Research Support, Non-U.S. Gov't",False,455.0,T10_lactylation,455.0
37878770,2024,Journal of Crohn's & colitis,Matrix metalloproteinases in intestinal fibrosis,Review; Journal Article,True,51.0,T8_gut_fibrosis,51.0
37919243,2023,"Journal of cachexia, sarcopenia and muscle",Lactate promotes myogenesis via activating H3K9 lactylation-dependent up-regulation of Neu2 expression,"Journal Article; Research Support, Non-U.S. Gov't",False,75.0,T10_lactylation,75.0
38001686,2023,Cancers,ASPP2 Is Phosphorylated by CDK1 during Mitosis and Required for Pancreatic Cancer Cell Proliferation,Journal Article,False,6.0,M_phosphoAb,6.0
38065084,2023,Cell,SnapShot: Target-directed miRNA degradation,Journal Article,False,17.0,T2b_TDMD_trigger,17.0
38128537,2024,Cell,Metabolic regulation of homologous recombination repair by MRE11 lactylation,"Journal Article; Research Support, Non-U.S. Gov't",False,410.0,T10_lactylation,410.0
38169375,2024,BMC complementary medicine and therapies,A network pharmacology approach to decipher the mechanism of total flavonoids from Dracocephalum Moldavica L. in the treatment of cardiovascular diseases,Journal Article,False,10.0,T15_AMPK_kinase_assay,10.0
38224449,2024,Nucleic acids research,To kill a microRNA: emerging concepts in target-directed microRNA degradation,"Review; Journal Article; Research Support, N.I.H., Extramural",True,62.0,T1_TDMD_core;T2_TDMD_frontier;T2b_TDMD_trigger,62.0
38261114,2024,Cellular and molecular life sciences : CMLS,Substrate promiscuity of Dicer toward precursors of the let-7 family and their 3'-end modifications,Journal Article,False,2.0,T9_uridylation,2.0
38261732,2024,Aging,MicroRNA-141-3p reduces pulmonary hypoxia/reoxygenation injury through suppression of Beclin-1-dependent autophagy,"Journal Article; Research Support, Non-U.S. Gov't",False,8.0,T3b_miRNA_stability,8.0
38287296,2024,Journal of translational medicine,Tirzepatide prevents neurodegeneration through multiple molecular pathways,"Journal Article; Research Support, Non-U.S. Gov't",False,59.0,T6_metabolic_memory,59.0
38317138,2024,Cellular & molecular biology letters,Ubiquitous protein lactylation in health and diseases,Journal Article; Review,True,102.0,T10_lactylation,102.0
38359700,2024,Molecular aspects of medicine,Recent advances in intestinal fibrosis,Journal Article; Review,True,24.0,T8_gut_fibrosis,24.0
38372062,2024,RNA biology,Mature microRNA-binding protein QKI promotes microRNA-mediated gene silencing,Journal Article,False,13.0,T12_methods_AGO,13.0
38378253,2024,Gut,Milk fat globule-epidermal growth factor 8 (MFGE8) prevents intestinal fibrosis,"Journal Article; Research Support, N.I.H., Extramural; Research Support, Non-U.S. Gov't",False,29.0,T8_gut_fibrosis,29.0
38381063,2024,Nucleic acids research,Influence of RNA circularity on Target RNA-Directed MicroRNA Degradation,"Journal Article; Research Support, N.I.H., Extramural; Research Support, Non-U.S. Gov't",False,19.0,T2b_TDMD_trigger,19.0
38413820,2024,Experimental & molecular medicine,Cost and time-efficient construction of a 3'-end mRNA library from unpurified bulk RNA in a single tube,"Journal Article; Research Support, Non-U.S. Gov't",False,4.0,T12b_smallRNAseq,4.0
38437914,2024,Biochimica et biophysica acta. Gene regulatory mechanisms,MicroRNA-mediated regulation of nonsense-mediated mRNA decay factors: Insights into microRNA prediction tools and profiling techniques,"Journal Article; Review; Research Support, Non-U.S. Gov't",True,7.0,T3_miRNA_turnover,7.0
38443347,2024,Cell death & disease,The m(6)A reader IGF2BP2 regulates glycolytic metabolism and mediates histone lactylation to enhance hepatic stellate cell activation and liver fibrosis,"Journal Article; Research Support, Non-U.S. Gov't",False,89.0,L_lactate_RNA,89.0
38448799,2024,Wiley interdisciplinary reviews. RNA,"Target-directed microRNA degradation: Mechanisms, significance, and functional implications",Journal Article; Review,True,36.0,T1_TDMD_core;T2_TDMD_frontier;T2b_TDMD_trigger,36.0
38477507,2024,"Advanced science (Weinheim, Baden-Wurttemberg, Germany)",Histone H3K9 Lactylation Confers Temozolomide Resistance in Glioblastoma via LUC7L2-Mediated MLH1 Intron Retention,"Journal Article; Research Support, Non-U.S. Gov't",False,119.0,L_lactate_RNA,119.0
38504288,2024,Genome biology,miR-430 regulates zygotic mRNA during zebrafish embryogenesis,"Journal Article; Research Support, N.I.H., Extramural; Research Support, Non-U.S. Gov't",False,23.0,T11b_SLAMseq,23.0
38512451,2024,The Journal of clinical investigation,The alanyl-tRNA synthetase AARS1 moonlights as a lactyltransferase to promote YAP signaling in gastric cancer,"Journal Article; Research Support, Non-U.S. Gov't",False,301.0,T10_lactylation,301.0
38546434,2024,United European gastroenterology journal,Intestinal strictures in Crohn's disease: An update from 2023,"Journal Article; Review; Research Support, Non-U.S. Gov't",True,24.0,T8_gut_fibrosis,24.0
38563985,2024,Basic research in cardiology,Exercise training decreases lactylation and prevents myocardial ischemia-reperfusion injury by inhibiting YTHDF2,"Journal Article; Research Support, Non-U.S. Gov't",False,64.0,L_lactate_RNA,64.0
38644381,2024,Signal transduction and targeted therapy,PBX/Knotted 1 homeobox-2 (PKNOX2) is a novel regulator of myocardial fibrosis,"Journal Article; Research Support, Non-U.S. Gov't",False,12.0,O_cardiac_fib,12.0
38653238,2024,Cell,"Alanyl-tRNA synthetase, AARS1, is a lactate sensor and lactyltransferase that lactylates p53 and contributes to tumorigenesis","Journal Article; Research Support, Non-U.S. Gov't",False,560.0,T10_lactylation,560.0
38711083,2024,Molecular cancer,Positive feedback regulation between glycolysis and histone lactylation drives oncogenesis in pancreatic ductal adenocarcinoma,"Journal Article; Research Support, Non-U.S. Gov't",False,409.0,L_lactate_RNA;T10_lactylation,409.0
38718928,2024,Journal of thrombosis and haemostasis : JTH,DNA base editing corrects common hemophilia A mutations and restores factor VIII expression in in vitro and ex vivo models,"Journal Article; Research Support, Non-U.S. Gov't",False,7.0,T14b_prime,7.0
38749882,2024,Trends in pharmacological sciences,Eflornithine for treatment of high-risk neuroblastoma,"Letter; Research Support, N.I.H., Extramural",False,6.0,T11_methods_halflife,6.0
38753883,2024,PLoS computational biology,Nuclear export is a limiting factor in eukaryotic mRNA metabolism,"Journal Article; Research Support, Non-U.S. Gov't",False,18.0,T11b_SLAMseq,18.0
38761489,2024,Microbiological research,Transcriptome dynamics of the BHK21 cell line in response to human coronavirus OC43 infection,Journal Article,False,1.0,T11b_SLAMseq,1.0
38767134,2024,"Advanced science (Weinheim, Baden-Wurttemberg, Germany)",Histone H3K18 and Ezrin Lactylation Promote Renal Dysfunction in Sepsis-Associated Acute Kidney Injury,"Journal Article; Research Support, Non-U.S. Gov't",False,132.0,T10_lactylation,132.0
38769664,2024,"Advanced science (Weinheim, Baden-Wurttemberg, Germany)",Metabolic Recoding of NSUN2-Mediated m(5)C Modification Promotes the Progression of Colorectal Cancer via the NSUN2/YBX1/m(5)C-ENO1 Positive Feedback Loop,"Journal Article; Research Support, Non-U.S. Gov't",False,151.0,L_lactate_RNA,151.0
38776834,2024,Biochemical and biophysical research communications,Structural basis of pri-let-7 recognition by human pseudouridine synthase TruB1,"Journal Article; Research Support, Non-U.S. Gov't",False,3.0,T9_uridylation,3.0
38797859,2024,"Molecular medicine (Cambridge, Mass.)",An update on chronic complications of diabetes mellitus: from molecular mechanisms to therapeutic strategies with a focus on metabolic memory,"Journal Article; Review; Research Support, Non-U.S. Gov't",True,93.0,T6_metabolic_memory,93.0
38802882,2024,Journal of nanobiotechnology,Effective delivery of miR-150-5p with nucleus pulposus cell-specific nanoparticles attenuates intervertebral disc degeneration,Journal Article,False,19.0,T11_methods_halflife,19.0
38812044,2024,Clinical epigenetics,"Lactylation: the novel histone modification influence on gene expression, protein function, and disease",Journal Article; Review,True,183.0,T10_lactylation,183.0
38852200,2024,Redox biology,Histone lactylation-regulated METTL3 promotes ferroptosis via m6A-modification on ACSL4 in sepsis-associated lung injury,Journal Article,False,295.0,T10_lactylation,295.0
38885264,2024,PLoS pathogens,MicroRNA-focused CRISPR/Cas9 screen identifies miR-142 as a key regulator of Epstein-Barr virus reactivation,"Journal Article; Research Support, N.I.H., Extramural",False,7.0,T12_methods_AGO,7.0
38889747,2025,The Thoracic and cardiovascular surgeon,DEX Inhibits H/R-induced Cardiomyocyte Ferroptosis by the miR-141-3p/lncRNA TUG1 Axis,Journal Article,False,6.0,T11_methods_halflife,6.0
38899461,2024,Circulation research,Fibroblast Smad7 Induction Protects the Remodeling Pressure-Overloaded Heart,Journal Article,False,45.0,O_cardiac_fib,45.0
38905342,2024,Science advances,Integration mapping of cardiac fibroblast single-cell transcriptomes elucidates cellular principles of fibrosis in diverse pathologies,"Journal Article; Research Support, Non-U.S. Gov't",False,83.0,O_cardiac_fib,83.0
38908023,2024,Nucleic acids research,PBOX-sRNA-seq uncovers novel features of miRNA modification and identifies selected 5'-tRNA fragments bearing 2'-O-modification,"Journal Article; Research Support, Non-U.S. Gov't",False,5.0,T9_uridylation,5.0
38908508,2024,Metabolism: clinical and experimental,Lactate and lactylation in cardiovascular diseases: current progress and future perspectives,"Journal Article; Review; Research Support, Non-U.S. Gov't",True,82.0,T10_lactylation,82.0
38976370,2024,European heart journal,Lumican promotes calcific aortic valve disease through H3 histone lactylation,"Journal Article; Research Support, Non-U.S. Gov't",False,96.0,L_lactate_RNA,96.0
38994560,2024,Nucleic acids research,Loss of Lamin A leads to the nuclear translocation of AGO2 and compromised RNA interference,"Journal Article; Research Support, Non-U.S. Gov't",False,18.0,T12_methods_AGO,18.0
39024569,2024,The Journal of clinical investigation,TWIST1+FAP+ fibroblasts in the pathogenesis of intestinal fibrosis in Crohn's disease,"Journal Article; Research Support, Non-U.S. Gov't",False,58.0,T8_gut_fibrosis,58.0
39054226,2025,Trends in molecular medicine,Lactate/lactylation in ocular development and diseases,"Journal Article; Review; Research Support, Non-U.S. Gov't",True,15.0,T10_lactylation,15.0
39054354,2024,Nature structural & molecular biology,Structural basis for activity switching in polymerases determining the fate of let-7 pre-miRNAs,Journal Article,False,5.0,T9_uridylation,5.0
39096899,2024,Molecular cell,A ligation-independent sequencing method reveals tRNA-derived RNAs with blocked 3' termini,Journal Article,False,23.0,T12b_smallRNAseq,23.0
39145933,2024,Proceedings of the National Academy of Sciences of the United States of America,Zika virus NS5 protein inhibits type I interferon signaling via CRL3 E3 ubiquitin ligase-mediated degradation of STAT2,"Journal Article; Research Support, Non-U.S. Gov't",False,44.0,T2_TDMD_frontier,44.0
39205384,2024,Journal of cellular and molecular medicine,Lactate regulates pathological cardiac hypertrophy via histone lactylation modification,"Journal Article; Research Support, Non-U.S. Gov't",False,55.0,T10_lactylation,55.0
39235218,2024,Molecular cancer therapeutics,Targeting the Synthetic Lethal Relationship between FOCAD and TUT7 Represents a Potential Therapeutic Opportunity for TUT4/7 Small-Molecule Inhibitors in Cancer,Journal Article,False,8.0,T9b_TUT47;T9c_DIS3L2,8.0
39240424,2024,Neurochemical research,Activation of the LKB1/AMPK/HIF-1α Pathway by Metformin to Promote Neovascularisation in Cerebral Ischaemia,Journal Article,False,3.0,T15_AMPK_kinase_assay,3.0
39266515,2024,Nature communications,Protein kinase N promotes cardiac fibrosis in heart failure by fibroblast-to-myofibroblast conversion,"Journal Article; Research Support, Non-U.S. Gov't",False,21.0,O_cardiac_fib,21.0
39271652,2024,Nature communications,HIF-2α-dependent induction of miR-29a restrains T(H)1 activity during T cell dependent colitis,"Journal Article; Research Support, U.S. Gov't, Non-P.H.S.; Research Support, Non-U.S. Gov't; Research Support, N.I.H., Extramural",False,16.0,T3b_miRNA_stability,16.0
39281285,2024,Frontiers in pharmacology,Gastrointestinal tract organoids as novel tools in drug discovery,Journal Article; Review,True,8.0,T13_organoid_fib,8.0
39311911,2024,Basic research in cardiology,Single-cell transcriptomics reveal distinctive patterns of fibroblast activation in heart failure with preserved ejection fraction,"Journal Article; Research Support, Non-U.S. Gov't",False,35.0,O_cardiac_fib,35.0
39346917,2024,Frontiers in immunology,Neutrophil-fibroblast crosstalk drives immunofibrosis in Crohn's disease through IFNα pathway,Journal Article,False,21.0,T8_gut_fibrosis,21.0
39409941,2024,Cancers,"Post-Transcriptional Modifications to miRNAs Undergo Widespread Alterations, Creating a Unique Lung Adenocarcinoma IsomiRome",Journal Article,False,0.0,T9_uridylation,0.0
39433399,2024,"RNA (New York, N.Y.)",Widespread destabilization of Caenorhabditis elegans microRNAs by the E3 ubiquitin ligase EBAX-1,"Journal Article; Research Support, Non-U.S. Gov't; Research Support, N.I.H., Extramural",False,25.0,T1_TDMD_core,25.0
39443792,2024,Nature,Targeting immune-fibroblast cell communication in heart failure,"Journal Article; Research Support, Non-U.S. Gov't",False,251.0,O_cardiac_fib,251.0
39450426,2024,"Advanced science (Weinheim, Baden-Wurttemberg, Germany)",Lactylation-Driven IGF2BP3-Mediated Serine Metabolism Reprogramming and RNA m6A-Modification Promotes Lenvatinib Resistance in HCC,"Journal Article; Research Support, Non-U.S. Gov't",False,138.0,L_lactate_RNA,138.0
39463977,2024,bioRxiv : the preprint server for biology,Expanding and improving analyses of nucleotide recoding RNA-seq experiments with the EZbakR suite,Journal Article; Preprint,False,,T11b_SLAMseq,0.0
39545414,2024,The Journal of clinical investigation,Lactate reprograms glioblastoma immunity through CBX3-regulated histone lactylation,"Journal Article; Research Support, U.S. Gov't, Non-P.H.S.; Research Support, U.S. Gov't, P.H.S.; Research Support, N.I.H., Extramural",False,118.0,T10_lactylation,118.0
39570804,2025,Cancer research,PTBP1 Lactylation Promotes Glioma Stem Cell Maintenance through PFKFB4-Driven Glycolysis,"Journal Article; Research Support, Non-U.S. Gov't",False,62.0,L_lactate_RNA,62.0
39581185,2025,International archives of allergy and immunology,Metrnl/IL-41 Alleviates Lipopolysaccharide-Induced Acute Lung Injury by Suppressing Inflammatory Responses through the AMPK/SIRT1 Signaling Pathway,Journal Article,False,1.0,T15_AMPK_kinase_assay,1.0
39584000,2024,MethodsX,Optimizing lncRNA-miRNA interaction analysis: Modified crosslinking and immunoprecipitation (M-CLIP) assay,Journal Article,False,3.0,T12_methods_AGO,3.0
39588775,2024,Nucleic acids research,Retargeting target-directed microRNA-decay sites to highly expressed viral or cellular miRNAs,"Journal Article; Research Support, Non-U.S. Gov't; Research Support, U.S. Gov't, P.H.S.",False,3.0,T1_TDMD_core;T2b_TDMD_trigger;T3_miRNA_turnover,3.0
39617768,2024,Nature communications,RNA 3'end tailing safeguards cells against products of pervasive transcription termination,"Journal Article; Research Support, Non-U.S. Gov't",False,6.0,T9c_DIS3L2,6.0
39647583,2025,Ageing research reviews,Lactylation modification in cardio-cerebral diseases: A state-of-the-art review,"Journal Article; Review; Research Support, Non-U.S. Gov't",True,32.0,T10_lactylation,32.0
39665396,2025,Accounts of chemical research,Photoresponsive Chemistries for User-Directed Hydrogel Network Modulation to Investigate Cell-Matrix Interactions,"Journal Article; Review; Research Support, U.S. Gov't, Non-P.H.S.; Research Support, Non-U.S. Gov't; Research Support, N.I.H., Extramural",True,21.0,T13_organoid_fib,21.0
39673807,2025,Nucleic acids research,SLAM-seq reveals independent contributions of RNA processing and stability to gene expression in African trypanosomes,Journal Article,False,14.0,T11b_SLAMseq,14.0
39684719,2024,International journal of molecular sciences,Fibroblast Heterogeneity in Inflammatory Bowel Disease,Journal Article; Review,True,4.0,T8_gut_fibrosis,4.0
39699752,2025,Analytical sciences : the international journal of the Japan Society for Analytical Chemistry,Metabolic labeling of RNA using ribonucleoside analogs enables the evaluation of RNA synthesis and degradation rates,Journal Article; Review,True,3.0,T11b_SLAMseq,3.0
39701714,2024,Zhongguo Zhong yao za zhi = Zhongguo zhongyao zazhi = China journal of Chinese materia medica,[Salidroside alleviates high glucose and ethanol-induced pyroptosis in insulinoma cells],English Abstract; Journal Article,False,0.0,T15_AMPK_kinase_assay,0.0
39702526,2025,Nature reviews. Molecular cell biology,The biogenesis and regulation of animal microRNAs,Journal Article; Review,True,115.0,T2b_TDMD_trigger;T3_miRNA_turnover;T9_uridylation,115.0
39725223,2025,Kidney international,Epigenetic alterations and memory: key players in the development/progression of chronic kidney disease promoted by acute kidney injury and diabetes,"Journal Article; Review; Research Support, Non-U.S. Gov't",True,47.0,T6_metabolic_memory,47.0
39741310,2024,Journal of translational medicine,METTL1 mediates PKM m7G modification to regulate CD155 expression and promote immune evasion in colorectal cancer,"Journal Article; Research Support, Non-U.S. Gov't",False,45.0,L_lactate_RNA,45.0
39766353,2024,Biomolecules,Lactate and Lactylation: Dual Regulators of T-Cell-Mediated Tumor Immunity and Immunotherapy,"Journal Article; Review; Research Support, Non-U.S. Gov't",True,67.0,T10_lactylation,67.0
39818209,2025,Cell metabolism,Exosomal miR-302b rejuvenates aging mice by reversing the proliferative arrest of senescent cells,Journal Article,False,64.0,T12_methods_AGO,64.0
39856050,2025,Nature communications,Serpina3k lactylation protects from cardiac ischemia reperfusion injury,Journal Article,False,49.0,T10_lactylation,49.0
39872844,2025,Journal of intensive medicine,Intestine-derived fibroblast growth factor 19 alleviates lipopolysaccharide-induced liver injury by regulating bile acid homeostasis and directly improving oxidative stress,Journal Article,False,5.0,T15_AMPK_kinase_assay,5.0
39915816,2025,BMC biology,RNA helicase MOV10 suppresses fear memory and dendritic arborization and regulates microtubule dynamics in hippocampal neurons,Journal Article,False,2.0,T12_methods_AGO,2.0
39952701,2025,Methods in enzymology,cP-RNA-seq for tRNA half sequencing,"Journal Article; Research Support, N.I.H., Extramural",False,2.0,T12b_smallRNAseq,2.0
39965729,2025,Journal of advanced research,H4K12 lactylation potentiates mitochondrial oxidative stress via the Foxo1 pathway in diabetes-induced cognitive impairment,"Journal Article; Research Support, Non-U.S. Gov't",False,37.0,L_lactate_RNA,37.0
39967604,2025,NAR genomics and bioinformatics,Halfpipe: a tool for analyzing metabolic labeling RNA-seq data to quantify RNA half-lives,Journal Article,False,3.0,T11b_SLAMseq,3.0
40012095,2025,Chinese medical journal,Intestinal fibrosis associated with inflammatory bowel disease: Known and unknown,Journal Article; Review,True,13.0,T8_gut_fibrosis,13.0
40012230,2025,Renal failure,Lactate metabolism and lactylation in kidney diseases: insights into mechanisms and therapeutic opportunities,Journal Article; Review,True,30.0,T10_lactylation,30.0
40043670,2025,Poultry science,"Co-exposure to ammonia and lipopolysaccharide-induced impaired energy metabolism via the miR-1599/HK2 axis and triggered autophagy, ER stress, and apoptosis in chicken cardiomyocytes",Journal Article,False,8.0,T5_AMPK_miRNA,8.0
40046093,2025,Aquaculture nutrition,Branched-Chain Amino Acids Target miR-203a/fosb Axis to Promote Skeletal Muscle Growth in Common Carp (Cyprinus carpio),Journal Article,False,6.0,T5_AMPK_miRNA,6.0
40073139,2025,Science advances,"EBAX-1/ZSWIM8 destabilizes miRNAs, resulting in transgenerational inheritance of a predatory trait",Journal Article,False,18.0,T2_TDMD_frontier,18.0
40114197,2025,Journal of nanobiotechnology,Intranasal delivery of engineered extracellular vesicles promotes neurofunctional recovery in traumatic brain injury,Journal Article,False,26.0,T11_methods_halflife,26.0
40124162,2025,Molecular therapy. Nucleic acids,Ratio of miRNA-29 to miRNA-199 expression coordinates mesenchymal stem cell repair of bleomycin-induced pulmonary injury,Journal Article,False,4.0,T7_miR29_fibrosis,4.0
40175761,2025,Nature metabolism,The emerging role of protein L-lactylation in metabolic regulation and cell signalling,Journal Article; Review,True,83.0,T10_lactylation,83.0
40179877,2025,Neuron,MicroRNA mechanisms instructing Purkinje cell specification,Journal Article,False,9.0,T12_methods_AGO,9.0
40244707,2025,Plant & cell physiology,Global identification of AGO3-RNA interactions reveals targets of small RNA-mediated gene regulation in Chlamydomonas reinhardtii,Journal Article,False,0.0,M_AGO_CLIP,0.0
40247299,2025,Journal of translational medicine,Treg and intestinal myofibroblasts-derived Amphiregulin induced by TGF-β mediates intestinal fibrosis in Crohn's disease,"Journal Article; Research Support, Non-U.S. Gov't",False,13.0,T8_gut_fibrosis,13.0
40278049,2025,"Advanced science (Weinheim, Baden-Wurttemberg, Germany)",Engineered Stem Cell Clusters for Extracellular Vesicles-Mediated Gene Delivery to Rejuvenate Chondrocytes and Facilitate Chondrogenesis in Osteoarthritis Therapy,Journal Article,False,12.0,T11_methods_halflife,12.0
40298941,2025,"Advanced science (Weinheim, Baden-Wurttemberg, Germany)",SIRT4 Promotes Pancreatic Cancer Stemness by Enhancing Histone Lactylation and Epigenetic Reprogramming Stimulated by Calcium Signaling,Journal Article,False,22.0,L_lactate_RNA,22.0
40307543,2025,Nature,Selective inhibition of stromal mechanosensing suppresses cardiac fibrosis,Journal Article,False,49.0,O_cardiac_fib,49.0
40308203,2025,Circulation,CD206(+)IL-4Rα(+) Macrophages Are Drivers of Adverse Cardiac Remodeling in Ischemic Cardiomyopathy,Journal Article,False,21.0,O_cardiac_fib,21.0
40328417,2025,Biochimica et biophysica acta. Gene regulatory mechanisms,Insights into the target-directed miRNA degradation mechanism in Drosophila ovarian cell culture,"Journal Article; Research Support, Non-U.S. Gov't",False,2.0,T1_TDMD_core,2.0
40380985,2025,Stem cell reviews and reports,Engineering the Future of Regenerative Medicines in Gut Health with Stem Cell-Derived Intestinal Organoids,"Journal Article; Review; Research Support, Non-U.S. Gov't",True,9.0,T13_organoid_fib,9.0
40433973,2025,ACS nano,"Inflammatory Macrophage-Targeted Atherosclerosis Treatment by miRNA-Delivered, MRI-Visible, and Anti-Inflammatory Nanomedicine",Journal Article,False,10.0,T3b_miRNA_stability,10.0
40480418,2025,Mucosal immunology,Inflammatory monocyte-derived amphiregulin mediates intestinal fibrosis in Crohn's disease by activating PI3K/AKT,Journal Article,False,6.0,T8_gut_fibrosis,6.0
40480978,2025,Nature communications,Translation suppresses exogenous target RNA-mediated microRNA decay,Journal Article,False,22.0,T2b_TDMD_trigger;T3_miRNA_turnover,22.0
40500755,2025,Cell communication and signaling : CCS,Dis3l2 is essential for neural crest survival by modulating Akt signaling,Journal Article,False,0.0,T9c_DIS3L2,0.0
40507829,2025,International journal of molecular sciences,TL1A as a Target in Inflammatory Bowel Disease: Exploring Mechanisms and Therapeutic Potential,Journal Article; Review,True,7.0,T8_gut_fibrosis,7.0
40530855,2025,Journal of virology,Cellular miRNAs and viruses: trends in miRNA sequestering and target de-repression,"Journal Article; Review; Research Support, N.I.H., Extramural",True,5.0,M_AGO_CLIP,5.0
40562913,2025,Nature genetics,Single-cell and spatial transcriptomics of stricturing Crohn's disease highlights a fibrosis-associated network,Journal Article,False,41.0,T8_gut_fibrosis,41.0
40565111,2025,International journal of molecular sciences,In Vitro Correction of Point Mutations in the DYSF Gene Using Prime Editing,Journal Article,False,0.0,T14b_prime,0.0
40565806,2025,Journal of clinical medicine,"Intestinal Fibrosis in Crohn's Disease: Pathophysiology, Diagnosis, and New Therapeutic Targets",Journal Article; Review,True,6.0,T8_gut_fibrosis,6.0
40574282,2025,Journal of dental research,DHFR-Driven Metabolic Memory Sustains Periodontal Tissue Destruction,Journal Article,False,2.0,T6_metabolic_memory,2.0
40575877,2025,Circulation research,Lactylation of HADHA Promotes Sepsis-Induced Myocardial Depression,Journal Article,False,25.0,T10_lactylation,25.0
40609070,2025,PLoS computational biology,Expanding and improving analyses of nucleotide recoding RNA-seq experiments with the EZbakR suite,"Journal Article; Research Support, N.I.H., Extramural",False,14.0,T11b_SLAMseq,14.0
40619013,2025,Biochemical pharmacology,CircCHAF1A induced cellular senescence by enhancing the stability of p21 to suppress gastric cancer progression,"Journal Article; Research Support, Non-U.S. Gov't",False,1.0,T11_methods_halflife,1.0
40619613,2025,"Advanced science (Weinheim, Baden-Wurttemberg, Germany)",Exosomes From Intestinal Epithelial Cells Promote Hepatic Differentiation of Liver Progenitor Cells in Gut-Liver-on-a-Chip Models,Journal Article,False,6.0,T13_organoid_fib,6.0
40628982,2025,Nature protocols,Nano3P-seq: charting the coding and noncoding transcriptome at single-molecule resolution,Journal Article; Review,True,1.0,T12b_smallRNAseq,1.0
40631113,2025,bioRxiv : the preprint server for biology,Plagl1 and Lrrc58 control mammalian body size by triggering target-directed microRNA degradation of miR-322 and miR-503,Journal Article; Preprint,False,,T1_TDMD_core,0.0
40673870,2025,"Advanced science (Weinheim, Baden-Wurttemberg, Germany)",ER-phagy Activation by AMFR Attenuates Cardiac Fibrosis Post-Myocardial Infarction via mTORC1 Pathway,Journal Article,False,6.0,O_cardiac_fib,6.0
40684817,2025,Gene,"Dora, a key component of target-directed miRNA degradation, is essential for local genomic amplification in Drosophila ovarian follicle cells",Journal Article,False,0.0,T1_TDMD_core,0.0
40739279,2025,Stem cell research & therapy,Unveiling tissue-specific transcriptional adaptations in iPSC-derived fibroblasts via co-culture systems,Journal Article,False,0.0,O_organoid_myo;T13_organoid_fib,0.0
40760493,2025,Cell communication and signaling : CCS,Lactylation modification of HIF-1α enhances its stability by blocking VHL recognition,Journal Article,False,33.0,T10_lactylation,33.0
40766674,2025,bioRxiv : the preprint server for biology,A lncRNA drives developmentally-timed decay of all members of an essential microRNA family,Journal Article; Preprint,False,,T1_TDMD_core;T2_TDMD_frontier;T2b_TDMD_trigger,0.0
40819931,2025,Yi chuan = Hereditas,Molecular basis of microRNA stability and degradation in plants,Journal Article; Review,True,0.0,T9_uridylation,0.0
40833851,2025,Cell reports,An endogenous cluster of target-directed microRNA degradation sites induces decay of distinct microRNA families,Journal Article,False,8.0,T2b_TDMD_trigger;T3_miRNA_turnover,8.0
40849487,2025,Journal of experimental & clinical cancer research : CR,"H4K79 and H4K91 histone lactylation, newly identified lactylation sites enriched in breast cancer",Journal Article,False,21.0,L_lactate_RNA,21.0
40858175,2025,International journal of biological macromolecules,Upregulation of has_circ_0008389 promotes esophageal squamous cell carcinoma progression via miR-761 sponging and P2RY2 mRNA stabilization,Journal Article,False,1.0,T3b_miRNA_stability,1.0
40860191,2025,International journal of biological sciences,Lactate metabolic reprogramming and histone lactylation modification in sepsis,"Journal Article; Review; Research Support, Non-U.S. Gov't",True,25.0,T10_lactylation,25.0
40923767,2025,Nucleic acids research,DDX6 interacts with DDX3X to repress translation in microRNA-mediated silencing,Journal Article,False,2.0,T3_miRNA_turnover,2.0
40925952,2025,Nature cell biology,Durotaxis is a driver and potential therapeutic target in lung fibrosis and metastatic pancreatic cancer,Journal Article,False,19.0,O_cardiac_fib,19.0
40960950,2025,Circulation research,Septin4 Regulates Cardiac Fibrosis After Pressure Overload,Journal Article,False,4.0,O_cardiac_fib,4.0
40967215,2025,Cell,Creeping fat-derived mechanosensitive fibroblasts drive intestinal fibrosis in Crohn's disease strictures,Journal Article,False,32.0,T8_gut_fibrosis,32.0
40977952,2025,Cardiovascular therapeutics,Fibroblast Activation Protein-Targeted CAR-T Cells Induce Apoptosis in Murine Cardiac Myofibroblasts,Journal Article,False,3.0,O_cardiac_fib,3.0
40986484,2025,Nucleic acid therapeutics,Quantification of mRNA Decay Rates in HeLa and SH-SY5Y Cell Lines Reveals Novel Properties of Membrane Protein Coding Transcripts,"Journal Article; Research Support, Non-U.S. Gov't",False,0.0,T3_miRNA_turnover,0.0
41007757,2025,Biomedicines,Regulatory Mechanisms of miRNA Turnover: Insights into ZSWIM8-Mediated Target-Directed MicroRNA Degradation,Journal Article; Review,True,3.0,T1_TDMD_core;T2_TDMD_frontier,3.0
41027688,2025,Journal of Crohn's & colitis,Drug repurposing approach for the discovery of therapeutic agents for Crohn's disease-associated intestinal fibrosis,Journal Article,False,1.0,T8_gut_fibrosis,1.0
41033841,2025,"RNA (New York, N.Y.)",Structural and mechanistic insights into Dis3L2-mediated degradation of structured RNA,Journal Article,False,3.0,T9c_DIS3L2,3.0
41055236,2025,RNA biology,DeepRNA-Reg: a deep-learning based approach for comparative analysis of CLIP experiments,"Journal Article; Comparative Study; Research Support, N.I.H., Extramural",False,0.0,T12_methods_AGO,0.0
41055884,2026,Genes & genomics,Multi-omics profiling uncovers LINC00486-associated lncRNA regulation in human traumatic brain injury,"Journal Article; Research Support, Non-U.S. Gov't",False,0.0,T12_methods_AGO,0.0
41056857,2025,Phytomedicine : international journal of phytotherapy and phytopharmacology,The chemosensitizing activity of betulinic acid in suppressing macrophage polarization through GSK-3β/β-catenin/CXCL1 signaling in breast cancer,Journal Article,False,2.0,T15_AMPK_kinase_assay,2.0
41057687,2026,Cell death and differentiation,PDK4-driven lactate accumulation facilitates LPCAT2 lactylation to exacerbate sepsis-induced acute lung injury,Journal Article,False,8.0,T10_lactylation,8.0
41109952,2026,Molecular therapy : the journal of the American Society of Gene Therapy,CircRNA: Unlocking new frontiers in therapeutic and vaccine development,Journal Article; Review,True,1.0,T11_methods_halflife,1.0
41126276,2025,Cell communication and signaling : CCS,Challenges in mimicking hypoxia: insights into HIF-regulated MiRNA expression induced by DMOG and CoCl(2),Journal Article,False,8.0,T3b_miRNA_stability,8.0
41174475,2025,Cellular & molecular biology letters,MicroRNA strand ratio disarray promotes temozolomide resistance in glioblastoma,Journal Article,False,1.0,T9_uridylation,1.0
41213800,2026,Genes & development,Plagl1 and Lrrc58 control mammalian body size by triggering target-directed microRNA degradation of miR-322 and miR-503,"Journal Article; Research Support, U.S. Gov't, Non-P.H.S.; Research Support, Non-U.S. Gov't; Research Support, N.I.H., Extramural",False,8.0,T1_TDMD_core;T2_TDMD_frontier,8.0
41245384,2025,Therapeutic advances in gastroenterology,Fibroblast-derived interleukin-11 as a potential biomarker for intestinal fibrostenosis in Crohn's disease,Journal Article,False,4.0,T8_gut_fibrosis,4.0
41275207,2025,Journal of experimental & clinical cancer research : CR,Lactate-driven lactylation of HNRNPA1 orchestrates PKM2 splicing and glycolytic reprogramming in bladder cancer,Journal Article,False,15.0,L_lactate_RNA,15.0
41279844,2025,bioRxiv : the preprint server for biology,mRNA 3' UTRs direct microRNA degradation to participate in imprinted gene networks and regulate growth,Journal Article; Preprint,False,,T1_TDMD_core;T2_TDMD_frontier;T2b_TDMD_trigger,0.0
41289954,2026,Animal bioscience,Comprehensive analysis of circular RNA expression dynamics and competitive endogenous RNA network mechanisms during postnatal liver development in juvenile goats,Journal Article,False,0.0,T5_AMPK_miRNA,0.0
41294801,2025,Cells,Roquin Modulates Cardiac Post-Infarct Remodeling via microRNA Stability Control,"Journal Article; Research Support, Non-U.S. Gov't",False,0.0,T11_methods_halflife,0.0
41334589,2025,Gut microbes,Dual-source DPP4 drives intestinal fibrosis in Crohn's disease: synergistic therapeutic targeting of host and microbiota pathways,"Journal Article; Research Support, Non-U.S. Gov't",False,2.0,T8_gut_fibrosis,2.0
41356184,2026,Theranostics,Lactylation-driven NSUN2-mediated RNA m5C modification promotes perineural invasion in pancreatic cancer,Journal Article,False,8.0,L_lactate_RNA,8.0
41366475,2025,Journal of translational medicine,Unlocking the benefits of aerobic exercise for MAFLD: a comprehensive mechanistic analysis,"Journal Article; Review; Research Support, Non-U.S. Gov't",True,4.0,T5_AMPK_miRNA,4.0
41373032,2025,BMC research notes,Plasma expression levels of microRNA-101 are downregulated in patients with Parkinson's disease,Journal Article,False,0.0,T3b_miRNA_stability,0.0
41376167,2026,Plant communications,The miR164e-NAC32 module orchestrates maize plant height via post-translational regulation of DELLA protein stability,Journal Article,False,1.0,T3b_miRNA_stability,1.0
41390174,2026,Gut,Fibroblast pentose phosphate pathway activation upon decreased circPLCE1 exacerbates intestinal fibrosis in Crohn's disease,"Journal Article; Research Support, Non-U.S. Gov't",False,1.0,T8_gut_fibrosis,1.0
41405816,2025,Metabolic brain disease,"GLUT1 and GLUT3 in brain glucose metabolism: mechanisms, regulation, and implications for metabolic disorders","Journal Article; Review; Research Support, Non-U.S. Gov't",True,4.0,T5_AMPK_miRNA,4.0
41428736,2025,Nucleic acids research,Intramacrophage RIL-seq uncovers an RNA antagonist of the Salmonella virulence-associated small RNA PinT,"Journal Article; Research Support, Non-U.S. Gov't",False,4.0,T12b_smallRNAseq,4.0
41465114,2025,Genes,From Metabolic to Epigenetic Memory: The Impact of Hyperglycemia-Induced Epigenetic Signature on Kidney Disease Progression and Complications,Journal Article; Review,True,13.0,T6_metabolic_memory,13.0
41473311,2025,bioRxiv : the preprint server for biology,RBProximity-CLIP Enables Subcellular Mapping of RNA-Binding Protein Interactions at Nucleotide Resolution,Journal Article; Preprint,False,,T12_methods_AGO,0.0
41480834,2026,Molecular microbiology,An Improved Description of the Small RNA Landscape of the Human Fungal Pathogen Aspergillus fumigatus,Journal Article,False,1.0,T12b_smallRNAseq,1.0
41482641,2026,Cell proliferation,AMSC-sEVs Ameliorated Crohn's Disease by Inhibiting Macrophage-Myofibroblast Transition Through the Delivery of MFGE8,Journal Article,False,1.0,T8_gut_fibrosis,1.0
41516280,2025,International journal of molecular sciences,Phosphate and Inflammation in Health and Kidney Disease,Journal Article; Review,True,5.0,T5_AMPK_miRNA,5.0
41521656,2026,Nucleic acids research,Mechanistic insights into Lin28-dependent oligo-uridylylation of pre-let-7 by TUT4,Journal Article,False,1.0,T9_uridylation,1.0
41542392,2026,bioRxiv : the preprint server for biology,The E3 ubiquitin ligase mechanism specifying target-directed microRNA degradation,Journal Article; Preprint,False,,T1_TDMD_core;T2_TDMD_frontier,0.0
41542532,2026,bioRxiv : the preprint server for biology,C. elegans E3 ubiquitin ligase EBAX-1 promotes non-apoptotic linker cell-type death through target-directed miRNA degradation,Journal Article; Preprint,False,,T2_TDMD_frontier,0.0
41596440,2026,International journal of molecular sciences,Training Load Oscillation and Epigenetic Plasticity: Molecular Pathways Connecting Energy Metabolism and Athletic Personality,Journal Article; Review,True,14.0,T5_AMPK_miRNA,14.0
41608885,2026,Wiley interdisciplinary reviews. RNA,MiRNA Stability and Degradation: Dynamic Regulators of Cellular Regulatory Networks,Journal Article; Review,True,0.0,T1_TDMD_core;T2_TDMD_frontier;T2b_TDMD_trigger;T9_uridylation;T9c_DIS3L2,0.0
41628661,2026,European journal of pharmacology,Comparison of preclinical drug efficacy in nasal and intestinal patient-derived models of cystic fibrosis,Journal Article; Review; Comparative Study,True,0.0,T13_organoid_fib,0.0
41659298,2026,EJIFCC,Endothelial-to-Mesenchymal Transition in Post-Myocardial Infarction Fibrosis: A Maladaptive but Targetable Pathway,Journal Article; Review,True,1.0,T7_miR29_fibrosis,1.0
41666609,2026,Biochemical and biophysical research communications,Human amniotic fluidic derived-extracellular vesicles enriched by miR-29 ameliorate endometrial fibrosis and promote repair of damaged endometrium in an experimental model of intrauterine adhesion,Journal Article,False,2.0,T7_miR29_fibrosis,2.0
41707795,2026,Gene,Unveiling the epigenetic landscape of AMPK regulation in cancer metabolism,Journal Article; Review,True,0.0,T5_AMPK_miRNA,0.0
41722572,2026,Cell genomics,"A multiplex, prime editing framework for identifying drug resistance variants at scale",Journal Article,False,5.0,T14b_prime,5.0
41751953,2026,International journal of molecular sciences,"Metabolic Overdrive in Elite Sport: A Systems Model of AMPK-mTOR Oscillation, NAD(+) Economy, and Epigenetic Drift",Journal Article; Review,True,10.0,T5_AMPK_miRNA,10.0
41768486,2026,"Immunometabolism (Cobham, Surrey)",Immunoregulatory effect of metformin in monocytes exposed to SARS-CoV-2 spike protein subunit 1,Journal Article,False,0.0,T15_AMPK_kinase_assay,0.0
41787678,2026,Glia,The Ubiquitin Ligase Zinc Finger SWIM Domain-Containing Protein 8 Regulates Oligodendrocyte Development Through the Argonaute2/MicroRNA-7 Axis,"Journal Article; Research Support, Non-U.S. Gov't",False,0.0,T1_TDMD_core;T2_TDMD_frontier;T2b_TDMD_trigger,0.0
41791866,2026,Genes & development,A lncRNA drives developmentally timed decay of all members of an essential microRNA family,"Journal Article; Research Support, N.I.H., Extramural; Research Support, N.I.H., Intramural; Research Support, Non-U.S. Gov't",False,6.0,T1_TDMD_core;T2_TDMD_frontier;T2b_TDMD_trigger;T3_miRNA_turnover,6.0
41851464,2026,Nature,The E3 ubiquitin ligase mechanism specifying targeted microRNA degradation,Journal Article,False,10.0,T1_TDMD_core;T2_TDMD_frontier;T2b_TDMD_trigger,10.0
41871909,2026,Genes & development,mRNA 3' UTRs direct microRNA degradation to participate in imprinted gene networks and regulate growth,Journal Article,False,3.0,T1_TDMD_core;T2_TDMD_frontier;T2b_TDMD_trigger;T3b_miRNA_stability,3.0
41886518,2026,PLoS computational biology,"PymiRa: A rapid and accurate classification tool for small non-coding RNAs, including microRNAs",Journal Article,False,0.0,T12b_smallRNAseq,0.0
41887800,2026,Genes & development,Linking miRNAs to decay,Journal Article; Comment,False,2.0,T2_TDMD_frontier;T2b_TDMD_trigger,2.0
41892354,2026,Cells,Protein Kinase D2 Regulates GRASP65 Phosphorylation and Golgi Ribbon Unlinking During G2/M Transition,Journal Article,False,0.0,M_phosphoAb,0.0
41896195,2026,Journal of cellular and molecular medicine,Inactivation of CDK12 Enhances Mitochondrial Efficiency to Suppress DNA Damage,"Journal Article; Research Support, Non-U.S. Gov't",False,0.0,T11b_SLAMseq,0.0
41916133,2026,Biomedicine & pharmacotherapy = Biomedecine & pharmacotherapie,Decanoic acid in Crohn's disease-associated complications: Antifibrotic effect mediated by PPARγ,Journal Article,False,0.0,T8_gut_fibrosis,0.0
41917975,2026,Journal of translational medicine,Comparative evaluation of TRIDs : a strategy to improve treatments,"Journal Article; Comparative Study; Research Support, Non-U.S. Gov't",False,0.0,T13_organoid_fib,0.0
41940508,2026,Pediatric pulmonology,Patient-Derived Intestinal Organoids in the Global Cystic Fibrosis Landscape,Journal Article; Review,True,0.0,T13_organoid_fib,0.0
41962407,2026,Biochemical and biophysical research communications,ADAMDEC1 is not a driver of intestinal fibrosis but a marker of the inflammation-stromal niche in Crohn's disease,Journal Article,False,0.0,T8_gut_fibrosis,0.0
41974779,2026,Scientific reports,Cancer treatment by radioimmunotherapy: insights from a dynamical model of cancer stem cells and hypoxia effects,Journal Article,False,0.0,T11_methods_halflife,0.0
41977310,2026,International journal of molecular sciences,AAV2.7m8-Mediated MicroRNA Expression Suppresses VEGF-Induced Angiogenic Responses in HUVEC,Journal Article,False,0.0,T11_methods_halflife,0.0
41978262,2026,Nucleic acids research,sc-rDSeq: a robust and cost-effective full-length total RNA sequencing method for single cells reveals multilayered heterogeneity in drug-resistant lung cancer cells,Journal Article,False,1.0,T12b_smallRNAseq,1.0
42011518,2026,Molecular pharmaceutics,Combination Gene Therapy with AAV-Based Vectors Ameliorates the Phenotype of Type 2 Diabetes in Diet-Induced Obese and db/db Mice,Journal Article,False,0.0,T11_methods_halflife,0.0
42020156,2026,"RNA (New York, N.Y.)",Direct RNA-seq provides evidence for an antiterminator function of the yeast Hrp1 protein on RNA polymerase II transcripts,"Journal Article; Research Support, N.I.H., Extramural; Research Support, Non-U.S. Gov't; Research Support, U.S. Gov't, Non-P.H.S.",False,1.0,T12b_smallRNAseq,1.0
42025302,2026,"RNA (New York, N.Y.)",Target-site dynamics explain a large share of apparent microRNA differential expression,"Journal Article; Research Support, Non-U.S. Gov't",False,0.0,T3_miRNA_turnover,0.0
42038404,2026,Frontiers in bioinformatics,Characterizing miRNA editing patterns in 5 types of cells using single-cell small RNA sequencing data,Journal Article,False,0.0,T12b_smallRNAseq,0.0
42041589,2026,Cells,Circulating miR-22 Early Predicts TACE Non-Response and Targets WEE1 in Hepatocellular Carcinoma,Journal Article,False,0.0,T11_methods_halflife,0.0
42054207,2026,Cell reports,The long isoform of ZAP coordinates multiple enzymes to mediate complete decay of target transcripts,Journal Article,False,0.0,T9c_DIS3L2,0.0
42066561,2026,Biochemical and biophysical research communications,RNase Z from Deinococcus radiodurans couples tRNA processing with stress-responsive mRNA and sRNA turnover,Journal Article,False,0.0,T12b_smallRNAseq,0.0
42094531,2026,bioRxiv : the preprint server for biology,Mechanism of nucleolytic degradation of human ribosomes,Journal Article; Preprint,False,,T9c_DIS3L2,0.0
42098137,2026,Nature communications,CLASHub is an integrated database and analytical platform for microRNA-target interactions,Journal Article,False,2.0,T1_TDMD_core;T2_TDMD_frontier;T2b_TDMD_trigger,2.0
42114460,2026,Burns : journal of the International Society for Burn Injuries,Human umbilical cord mesenchymal stem cell-derived exosomes combined with low-intensity pulsed ultrasound for the treatment of chronic burn wounds infected with methicillin-resistant Staphylococcus aureus,Journal Article,False,0.0,T11_methods_halflife,0.0
42118595,2026,"Rheumatology (Oxford, England)",Targeting fibroblasts in immune mediated inflammatory diseases: a cellular basis for cure?,Journal Article; Review,True,1.0,T8_gut_fibrosis,1.0
42121843,2026,Cells,Successful In Vitro Modification of the Dmd Gene Using Prime Editing,Journal Article,False,1.0,T14b_prime,1.0
42146455,2026,bioRxiv : the preprint server for biology,Fatty Acid Oxidation Suppression Reprograms Fibroblasts in Fibrostenotic Crohn's Disease,Journal Article; Preprint,False,,T8_gut_fibrosis,0.0
42148773,2026,mSystems,Canonical transcription termination mechanisms explain a minority of operons in cyanobacteria,Journal Article,False,0.0,T12b_smallRNAseq,0.0
42154591,2026,Cell reports,High-resolution mapping of CCR4-NOT recruitment elements reveals transcriptome-wide drivers of mRNA decay,Journal Article,False,1.0,T3_miRNA_turnover,1.0
42157932,2026,International journal of biological sciences,"Synonymous editing alters ion channel function, favoring prime editing for retinal disease correction",Journal Article,False,0.0,T14b_prime,0.0
42196368,2026,International journal of molecular sciences,Radon-Induced Radiation Biomarkers: A Scoping Review from Exposure Dosimetry to Early Biological Effects on the Lung,Journal Article; Scoping Review,True,0.0,T3_miRNA_turnover,0.0
42231327,2026,Journal of nanobiotechnology,Platelet-rich plasma cues program M2 macrophage-derived exosome mimetics to regenerate the tendon-bone interface,Journal Article,False,0.0,T11_methods_halflife,0.0
42250161,2026,Molecular biology reports,"MicroRNA-SIRT1 crosstalk in liver diseases: molecular regulation of metabolism, inflammation, and cell survival",Journal Article; Review,True,0.0,T5_AMPK_miRNA,0.0
42250762,2026,JHEP reports : innovation in hepatology,lnc122 RNA prevents liver tumorigenesis in MYC-driven liver cancer,Journal Article,False,0.0,T11_methods_halflife,0.0
42261451,2026,Breast cancer : basic and clinical research,Spiegelmer Aptamers: Innovative Approach in Breast Cancer,Journal Article; Review,True,0.0,T11_methods_halflife,0.0
42321894,2026,Diabetology & metabolic syndrome,MiRNAs in hyperglycemia-induced metabolic memory: established mechanisms and emerging nuclear activation concepts,Journal Article; Review,True,0.0,T6_metabolic_memory,0.0
42344358,2026,Frontiers in cardiovascular medicine,"A de novo LDLR mutation in severe familial hypercholesterolemia: case report, functional characterization, and a personalized gene correction strategy exploration",Journal Article,False,0.0,T14b_prime,0.0
42352502,2026,Cancers,Identification of circCIAO1(5) and circMALAT1 as Novel Potential Biomarkers for Bladder Cancer Monitoring Based on the Binding to miR-101-3p,Journal Article,False,0.0,T2b_TDMD_trigger,0.0
42367814,2026,Frontiers in immunology,Cellular senescence in Crohn's disease: a double-edged sword in intestinal fibrosis,Journal Article; Review,True,0.0,T8_gut_fibrosis,0.0
42400092,2026,"BioFactors (Oxford, England)",Alpinia zerumbet-Derived Extracellular Vesicles Protect Against UVB-Induced Photoaging by Enhancing Mitochondrial Bioenergetics and Skin Barrier Function,Journal Article,False,0.0,T5_AMPK_miRNA,0.0
42400267,2026,Cardiology in review,"Immunometabolism in Cardiovascular Disease: Linking Metabolic Reprogramming to Inflammation, Atherothrombosis, and Clinical Outcomes",Journal Article,False,0.0,T6_metabolic_memory,0.0
42427295,2026,Antioxidants & redox signaling,From Metabolic Memory to Ferroptotic Susceptibility: A Critical Review of Epigenetic Regulation and Ferroptosis in Diabetic Complications,Journal Article; Review,True,0.0,T6_metabolic_memory,0.0
42427493,2026,Autophagy reports,Autophagy in the liver,Journal Article; Review,True,0.0,T5_AMPK_miRNA,0.0
42427608,2026,bioRxiv : the preprint server for biology,Cerebellar microRNA-206 tunes Purkinje neuron firing dynamics to control sensorimotor gating,Journal Article; Preprint,False,,T12_methods_AGO,0.0
42431494,2026,Cellular signalling,An H3K18la-ALKBH5-Runx2-LDHA positive feedback loop promotes vascular calcification in the osteogenic phenotypic transition of vascular smooth muscle cells,Journal Article,False,0.0,L_lactate_RNA,0.0
42435679,2026,"Legal medicine (Tokyo, Japan)","Differential thermal stability of mRNA, miRNA and lncRNA in purified human tissue-derived RNA extracts: a proof-of-principle study with forensic implications",Journal Article,False,0.0,T3_miRNA_turnover,0.0
42442601,2026,Journal of molecular biology,DIS3L2 and Nonsense-mediated Decay: United to Degrade,Journal Article; Review,True,1.0,T9c_DIS3L2,1.0
42460327,2026,Frontiers in endocrinology,Neurovascular unit uncoupling in diabetic retinopathy: molecular mechanisms and stage-adapted therapeutic strategies,Journal Article; Review,True,0.0,T6_metabolic_memory,0.0
42461088,2026,Nuclear medicine communications,Fibroblast activation protein inhibitor PET/computed tomography versus 18 F-fluorodeoxyglucose PET/computed tomography in inflammatory bowel disease: a systematic review and exploratory meta-analysis with focus on ulcerative colitis,Journal Article,False,0.0,T8_gut_fibrosis,0.0
42462387,2026,Epilepsy & behavior : E&B,From synaptic dysfunction to targeted intervention: a comprehensive review of STXBP1 encephalopathy and precision therapeutic strategies,Journal Article; Review,True,0.0,T11_methods_halflife,0.0
42463662,2026,Nature communications,The unfolded protein sensor IRE1 is essential for homeostatic dendritic cell maturation,"Journal Article; Research Support, Non-U.S. Gov't",False,0.0,T3_miRNA_turnover,0.0
42468439,2026,Molecular immunology,Lactate-associated H3K18 lactylation is involved in IGF2BP2-mediated MARCKSL1 mRNA stabilization and inflammatory signaling in LPS-induced acute lung injury,Journal Article,False,0.0,L_lactate_RNA,0.0
42529989,2026,FASEB journal : official publication of the Federation of American Societies for Experimental Biology,WTAP Histone Lactylation Drives the YTHDF1/ALOX15 Axis to Regulate Ferroptosis in Myocardial Ischemia-Reperfusion Injury,Journal Article,False,0.0,L_lactate_RNA,0.0
42530708,2026,Journal of molecular histology,Prophylactic administration of silica nanoparticles loaded with amifostine prevents cisplatin-induced nephrotoxicity in rats,Journal Article,False,0.0,T11_methods_halflife,0.0
42545853,2026,American journal of physiology. Heart and circulatory physiology,Fetal programming under hyperglycemic stress: the vascular system at risk,"Journal Article; Review; Research Support, Non-U.S. Gov't",True,0.0,T6_metabolic_memory,0.0
42551124,2026,Redox biology,FABP5 drives silica-induced myofibroblast senescence and pulmonary fibrosis through a FASN/UCP2 metabolic-mitochondrial axis,Journal Article,False,0.0,O_cardiac_fib,0.0
42562037,2026,Vascular pharmacology,An explicative review on Diabetic Cardiac Autonomic Neuropathy: From pathophysiology to the era of gene therapy,Journal Article; Review,True,0.0,T6_metabolic_memory,0.0
42562062,2026,Journal of controlled release : official journal of the Controlled Release Society,Nanoengineered RNA delivery systems for gene therapy in intestinal fibrosis,Journal Article; Review,True,0.0,T8_gut_fibrosis,0.0
42569811,2026,"Advanced materials (Deerfield Beach, Fla.)",Pseudocapacitive Charge-Driven Adhesive-Electrocoupling Hydrogels for Myocardial Infarction Repair via Interstitial Microenvironment Remodeling,Journal Article,False,0.0,O_cardiac_fib,0.0
42574775,2026,"Comparative biochemistry and physiology. Part D, Genomics & proteomics",Integrated miRNA-mRNA profiling reveals candidate regulatory relationships associated with high-fat diet-induced muscle lipid deposition in black seabream (Acanthopagrus schlegelii),Journal Article,False,0.0,T5_AMPK_miRNA,0.0
42575494,2026,Intestinal research,Gut microbiome: a key driver and therapeutic target of intestinal fibrosis in Crohn's disease,Journal Article; Review,True,0.0,T8_gut_fibrosis,0.0
42581254,2026,International urology and nephrology,Epigenetic regulation of tubular epithelial cell dysfunction in diabetic kidney disease,Journal Article; Review,True,0.0,T6_metabolic_memory,0.0
42582141,2026,Frontiers in immunology,Epithelial CXCL1 tracks clinical remission in inflammatory bowel disease in a disease-specific manner,Journal Article,False,1.0,T13_organoid_fib,1.0
42589580,2026,International journal of molecular sciences,Prime Editing Mediated Generation and Correction of the mdx5cv Mutation Restores Dystrophin Expression in Myoblasts,Journal Article,False,0.0,T14b_prime,0.0
42596831,2026,Oncology reports,OLR1 promotes cell proliferation and invasion while represses apoptosis via regulating histone H3 lysine 18 lactylation‑mediated LEMD1 in papillary thyroid cancer,Journal Article,False,0.0,L_lactate_RNA,0.0
42599615,2026,Journal of physiology and biochemistry,The LKB1-AMPK pathway in NAFLD: molecular mechanisms and therapeutic implications,Journal Article; Review,True,0.0,T5_AMPK_miRNA,0.0
42601009,2026,Experimental eye research,"The redox code of diabetic retinopathy: Decoding metabolic memory, predicting fate, and targeting heterogeneity",Journal Article; Review,True,0.0,T6_metabolic_memory,0.0
42608480,2026,The EMBO journal,Canonical and non-canonical miRNA degradation shapes state transitions and stemness in breast cancer,Journal Article,False,0.0,T1_TDMD_core;T2_TDMD_frontier;T2b_TDMD_trigger;T3_miRNA_turnover,0.0
42612881,2026,Gastroenterology,WISP1 Drives Intestinal Fibrosis in Crohn's Disease via Metabolic and Rho/ROCK/MRTF-Mediated Cytoskeletal Remodeling,Journal Article,False,0.0,T8_gut_fibrosis,0.0
42613428,2026,Nature reviews. Cardiology,"Cardiac fibroblast diversity in HFpEF: states, niches, interorgan drivers and targets",Journal Article; Review,True,0.0,O_cardiac_fib,0.0
42614615,2026,Frontiers in cell and developmental biology,Crosstalk between gut microbiota and RNA N6-methyladenosine modification in diabetic retinopathy,Journal Article; Review,True,0.0,T6_metabolic_memory,0.0
42618981,2026,The Kaohsiung journal of medical sciences,IGF2BP3 Overexpression Accelerates Osteoarthritis Progression by Promoting Glycolysis via m(6)A-Dependent Stabilization of ECM1 mRNA,Journal Article,False,0.0,L_lactate_RNA,0.0
42620604,2026,Frontiers in immunology,"Targeting CPSF73, the mRNA 3' end processing endonuclease, moves cancer cells away from the mesenchymal state","Journal Article; Research Support, N.I.H., Extramural",False,0.0,T12b_smallRNAseq,0.0
42622514,2026,Inflammatory bowel diseases,Novel proteomic signatures of stricturing Crohn disease using a treatment-naive cohort,Journal Article,False,0.0,T8_gut_fibrosis,0.0
42626021,2026,Frontiers in immunology,"Metabolic reprogramming in diabetic complications: mechanisms, pathologies, and molecular evidence from multi-organ studies",Journal Article; Review,True,0.0,T6_metabolic_memory,0.0
42643736,2026,Frontiers in molecular biosciences,Adaptive-to-maladaptive IRE1α signaling as a driver of amyloidogenic APP processing in Alzheimer's disease,Journal Article; Review,True,0.0,T3_miRNA_turnover,0.0
42645200,2026,Cells,"miR-29b as an Anti-Fibrotic Therapeutic: Mechanisms, Disease Biology and Translational Opportunities",Journal Article; Review,True,0.0,O_cardiac_fib;T7_miR29_fibrosis,0.0
42653219,2026,International journal of molecular sciences,Non-Random Association of Ultraconserved Genomic Elements (UCE) with Human Genes,Journal Article,False,0.0,T12b_smallRNAseq,0.0
42658609,2026,"Advanced science (Weinheim, Baden-Wurttemberg, Germany)","Metabolic Memory in Cardiovascular Disease: Encoding, Propagation, and Therapeutic Targeting",Journal Article; Review,True,0.0,T6_metabolic_memory,0.0
42677416,2026,Sheng li xue bao : [Acta physiologica Sinica],[Diabetes-driven hematopoietic remodeling and metabolic memory],Journal Article; Review; English Abstract,True,0.0,T6_metabolic_memory,0.0
42681318,2026,"Methods in molecular biology (Clifton, N.J.)",Target-Directed miRNA Degradation: Mechanisms and Significance,Journal Article,False,0.0,T1_TDMD_core;T2_TDMD_frontier;T2b_TDMD_trigger;T3_miRNA_turnover,0.0
42681510,2026,"Methods in molecular biology (Clifton, N.J.)",Molecular Analysis of miRNA Stability and Decay Dynamics by Northern Blot,Journal Article,False,0.0,T3_miRNA_turnover,0.0
42701980,2026,Molecular and cellular biochemistry,Ellagic acid attenuates myocardial fibrosis by suppressing Bmi1-mediated inhibition of the p53/p21 pathway in cardiac fibroblasts,Journal Article,False,0.0,O_cardiac_fib,0.0
42705918,2026,Trends in genetics : TIG,Circular RNAs as central regulators of RNA stability,Journal Article; Review,True,0.0,T3_miRNA_turnover,0.0
42708184,2026,Circulation,HNRNPK Lactylation Amplifies Inflammation and Exacerbates Myocardial Ischemia/Reperfusion Injury by Regulating Jag2 Splicing,Journal Article,False,0.0,L_lactate_RNA,0.0
42715797,2026,"Journal of photochemistry and photobiology. B, Biology",When light colour matters: Spectral quality is associated with distinct small RNA candidates in Arabidopsis thaliana,Journal Article,False,0.0,T12b_smallRNAseq,0.0
42717486,2026,Autophagy,Targeting USP7 lactylation suppresses NSCLC tumorigenesis by promoting PINK1 ubiquitination and degradation,Journal Article,False,0.0,L_lactate_RNA,0.0
42722330,2026,Journal of sport and health science,Exercise mitigates cardiac dysfunction post MI in ovariectomized mice via miR-21/Sox7-mediated suppression of cardiac fibroblast activation,Journal Article,False,0.0,O_cardiac_fib,0.0
42724896,2026,Translational cancer research,Lactate-induced epithelial-mesenchymal transition: a metabolic nexus in pancreatic cancer metastasis,Journal Article; Review,True,0.0,T10_lactylation,0.0
42737642,2026,International journal of molecular sciences,Endocan Participates in TGF-β/Smad and AKT/ERK Signaling Coordination and lncRNA Modulation in Human Cardiac Fibroblasts,Journal Article,False,0.0,O_cardiac_fib,0.0
42744818,2026,Nature communications,Covalent allosteric inhibition of AARS1 lactyltransferase,"Journal Article; Research Support, Non-U.S. Gov't",False,0.0,T10_lactylation,0.0
42747903,2026,"Clinical science (London, England : 1979)",Histone demethylase Kdm2a aggravates pressure overload-induced myocardial fibrosis through global and locus-specific H3K36me2 chromatin remodeling,Journal Article,False,0.0,O_cardiac_fib,0.0
42750984,2026,Frontiers in cell and developmental biology,When metabolic enzymes meet lactylation: a bidirectional dialogue in health and disease,Journal Article; Review,True,0.0,T10_lactylation,0.0
42758124,2026,Cancer immunology research,Histone H3K18 Lactylation Drives Immunosuppression by Upregulating CD38 in Myeloid-Derived Suppressor Cells in Lung Cancer,Journal Article,False,0.0,T10_lactylation,0.0
42763855,2027,"Methods in molecular biology (Clifton, N.J.)",Updated Protocols for 3D and 2D Culture and Histological Analysis of Intestinal Organoids,Journal Article,False,0.0,O_organoid_myo,0.0
42769515,2026,Frontiers in immunology,"Aminoacyl-tRNA synthetases in tumor immunity: canonical translation, source-resolved immune circuits and therapeutic opportunities",Journal Article; Review,True,0.0,T10_lactylation,0.0
42771133,2026,"Hormones (Athens, Greece)",Epigenetic modifications in type 2 diabetes mellitus,Journal Article; Review,True,0.0,T6_metabolic_memory,0.0
42774366,2026,Frontiers in immunology,H3K18la facilitates nasopharyngeal carcinoma progression through the activation of the IGF2BP1-COX2 signaling pathway,Journal Article,False,0.0,L_lactate_RNA;T10_lactylation,0.0
42774692,2026,Vascular health and risk management,MiR-375 Targeting PDK1 Regulates the Wnt/β-Catenin Pathway in Lower Extremity Arteriosclerosis Obliterans,Journal Article,False,0.0,T3b_miRNA_stability,0.0
42775431,2026,"Advanced science (Weinheim, Baden-Wurttemberg, Germany)",A Metabolic-Epigenetic Axis of AARS1/IGF2BP3-K280 Lactylation Sustains Endometrial Cancer Stemness and Recurrence,Journal Article,False,0.0,T10_lactylation,0.0
42776838,2026,Cell reports,piRNA-mediated silencing of exogenous retrovirus in mouse spermatogonial stem cells,Journal Article,False,0.0,T3b_miRNA_stability,0.0
42778939,2026,Journal of translational medicine,Roles of lactate and protein lactylation in neurogenesis and neurodegenerative disease,Journal Article; Review,True,0.0,T10_lactylation,0.0
42779862,2026,bioRxiv : the preprint server for biology,"miRAssist: a context-aware, evidence integration framework for interpretable miRNA-target prioritization",Journal Article; Preprint,False,,T3b_miRNA_stability,0.0
42780281,2026,medRxiv : the preprint server for health sciences,Layer-Resolved Spatial Transcriptomic Profiling Reveals Distinct Fibrotic and Muscularizing Submucosal Niches in Fibrostenotic Crohn's Disease,Journal Article; Preprint,False,,T8_gut_fibrosis,0.0
42780509,2026,NAR cancer,IGF2BP3 remodels RISC occupancy to control microRNA targeting in leukemia,Journal Article,False,0.0,T3b_miRNA_stability,0.0
42780579,2026,Frontiers in pharmacology,"Research progress on protein lactylation in female reproductive disease: molecular mechanisms, functions, and therapeutic implications",Journal Article; Review,True,0.0,T10_lactylation,0.0
42782750,2026,Cells,"ELAVL Proteins, miRNA Fate, and Extracellular RNA Communication in Brain Aging and Neurodegeneration",Journal Article; Review,True,0.0,T3b_miRNA_stability,0.0
42783356,2026,"Small (Weinheim an der Bergstrasse, Germany)",DNA Nanoassembly Modified Polydopamine@MnO(2) Nanoparticles: Enhancement of miRNA-21 Downregulation for Reversal of Breast Cancer Drug-Resistance,Journal Article,False,0.0,T3b_miRNA_stability,0.0
42784209,2026,Proteomes,Biological Functions and Applications of Exosomes from Periodontal Ligament Stem Cells,Journal Article; Review,True,0.0,T3b_miRNA_stability,0.0
42784246,2026,ACS sensors,Machine Learning-Assisted Multiplex Profiling of Plasma-Derived Exosomal miRNAs for Alzheimer's Disease Classification,Journal Article,False,0.0,T3b_miRNA_stability,0.0
42788349,2026,Molecular medicine reports,Lactylation in gastric cancer: From mechanisms to clinical applications (Review),Journal Article; Review,True,0.0,T10_lactylation,0.0
42793282,2026,Current issues in molecular biology,"Lactylation Remodels Tumorigenesis, Immune Microenvironment, and Therapeutic Response",Journal Article; Review,True,0.0,T10_lactylation,0.0
42797364,2026,Pharmaceutics,"Small Nucleic Acid Therapeutics for Ocular Diseases: Progress, Challenges, and Future Perspectives",Journal Article; Review,True,0.0,T3b_miRNA_stability,0.0
42798188,2026,Clinical and translational medicine,Lactate metabolism and protein lactylation in programmed cell death: From novel mechanism to therapeutic strategies in human diseases,Journal Article; Review,True,0.0,T10_lactylation,0.0
42803303,2026,Brain : a journal of neurology,Unlocking the complex interplay between epigenetics and epitranscriptomics in neuropsychiatric disorders,Journal Article,False,,T3b_miRNA_stability,0.0
7687347,1993,Nucleic acids research,3'-end labeling of RNA with recombinant yeast poly(A) polymerase,"Comparative Study; Journal Article; Research Support, Non-U.S. Gov't",False,50.0,T12b_smallRNAseq,50.0
7698321,1995,FEBS letters,"Similar substrate recognition motifs for mammalian AMP-activated protein kinase, higher plant HMG-CoA reductase kinase-A, yeast SNF1, and mammalian calmodulin-dependent protein kinase I","Comparative Study; Journal Article; Research Support, Non-U.S. Gov't",False,262.0,T4_AMPK_substrate,262.0
7902296,1993,FEBS letters,Specificity determinants for the AMP-activated protein kinase and its plant homologue analysed using synthetic peptides,"Journal Article; Research Support, Non-U.S. Gov't",False,82.0,T4_AMPK_substrate,82.0
8647128,1996,European journal of biochemistry,"Analysis of the specificity of the AMP-activated protein kinase by site-directed mutagenesis of bacterially expressed 3-hydroxy 3-methylglutaryl-CoA reductase, using a single primer variant of the unique-site-elimination method","Journal Article; Research Support, Non-U.S. Gov't",False,36.0,T4_AMPK_substrate,36.0
9037015,1997,Proceedings of the National Academy of Sciences of the United States of America,A novel 3'-end repair mechanism in an RNA virus,"Journal Article; Research Support, U.S. Gov't, Non-P.H.S.",False,86.0,T12b_smallRNAseq,86.0
9727026,1998,The Journal of biological chemistry,Impaired mismatch extension by a herpes simplex DNA polymerase mutant with an editing nuclease defect,Comparative Study; Journal Article,False,17.0,T14b_prime,17.0
